{
  "promoter_kmer_auroc": 0.8984909999999999,
  "promoter_kmer_rc_instability": 0.2634432589752333,
  "promoter_rc_aug_rc_instability": 0.0165502354502677,
  "dnabert_enhancer_auroc": 0.829724,
  "dnabert_enhancer_mono_shuffle_drop": -0.048888688524904,
  "caduceus_promoter_auroc": 0.8528062767459534,
  "caduceus_promoter_rc_instability": 0.0404262294153215,
  "caduceus_enhancer_auroc": 0.7727349710937637,
  "matched_promoter_gc_only_auroc": 0.711853645370015,
  "official_promoter_gc_only_auroc": 0.7959149681512145,
  "promoter_rc_aug_temperature_ece_before": 0.061482461035344,
  "promoter_rc_aug_temperature_ece_after": 0.0300379513092338,
  "synthetic_gc_correlated_auroc": 1.0,
  "synthetic_gc_correlated_motif_drop": 0.0003598318935633,
  "synthetic_gc_matched_mono_drop": 0.9463044927016124,
  "synthetic_gc_matched_motif_drop": 0.6748301988936416,
  "synthetic_gc_conflict_dnabert_rule_rate": 0.0,
  "synthetic_gc_conflict_dnabert_shortcut_rate": 1.0,
  "promoter_dnabert_worst_gc_bin_auroc": 0.7178393745557925,
  "promoter_dnabert_gc_gap": 0.2621939610925163,
  "external_shortcut_vs_reliability_spearman": 0.07690238291646789,
  "external_shortcut_vs_reliability_spearman_ci_low": -0.12940333568246104,
  "external_shortcut_vs_reliability_spearman_ci_high": 0.2711396466296953,
  "external_auroc_vs_reliability_spearman": 0.21471441337022792,
  "external_pair_count": 82,
  "external_full_profile_r2": 0.3828453974599544,
  "external_full_profile_r2_ci_low": 0.2628916352444744,
  "external_full_profile_r2_ci_high": 0.5642315135660869,
  "external_full_profile_advantage_delta_r2": 0.32113855624435206,
  "external_full_profile_advantage_ci_low": 0.18174012816986054,
  "external_full_profile_advantage_ci_high": 0.5145493217912405,
  "case_bcl11a_temp_auroc": 0.5825206855791961,
  "case_bcl11a_temp_auprc": 0.1666166501555553,
  "case_bcl11a_temp_topk_enrichment": 2.056451612903226,
  "case_myc_dnabert_topk_enrichment": 1.934042553191489,
  "case_myc_dnabert_spearman": 0.1053415152420848
}