{
  "pair_count": 82,
  "family_counts": {
    "Histone marks": 12,
    "TF binding": 15,
    "Variant effect": 55
  },
  "auroc_vs_external_reliability": {
    "value": 0.21471441337022792,
    "ci_low": -0.017897592587767106,
    "ci_high": 0.42802395505565916,
    "n": 82,
    "method": "spearman"
  },
  "shortcut_vs_external_reliability": {
    "value": 0.07690238291646789,
    "ci_low": -0.12940333568246104,
    "ci_high": 0.2711396466296953,
    "n": 82,
    "method": "spearman"
  },
  "auroc_vs_external_risk": {
    "value": -0.04281495485385554,
    "ci_low": -0.27823815001003965,
    "ci_high": 0.17148858948249876,
    "n": 82,
    "method": "spearman"
  },
  "shortcut_vs_external_risk": {
    "value": -0.16560561416182876,
    "ci_low": -0.383543866194425,
    "ci_high": 0.05325435078625337,
    "n": 82,
    "method": "spearman"
  },
  "auroc_vs_external_matched_shift": {
    "value": -0.14213563230665038,
    "ci_low": -0.46035314723438303,
    "ci_high": 0.15189998976372152,
    "n": 24,
    "method": "pearson"
  },
  "shortcut_vs_external_matched_shift": {
    "value": 0.28298819786892404,
    "ci_low": -0.12067035161846594,
    "ci_high": 0.6146548054825507,
    "n": 24,
    "method": "pearson"
  },
  "partial_shortcut_vs_external_reliability": {
    "value": -0.10158421923837413,
    "ci_low": -0.3280351010955626,
    "ci_high": 0.15554281252387034,
    "n": 82,
    "method": "pearson"
  },
  "partial_gc_gap_vs_external_risk": {
    "value": 3.542861349829782e-16,
    "ci_low": -0.1076305979022252,
    "ci_high": 0.10608074250972113,
    "n": 82,
    "method": "pearson"
  },
  "regression": [
    {
      "predictors": "core_mean_auroc",
      "outcome": "external_biological_reliability",
      "r2": 0.06170684121560244,
      "ci_low": 0.0010653101221095279,
      "ci_high": 0.21470674009466065,
      "n": 82,
      "coef": [
        1.4391708130731813
      ],
      "intercept": -0.5955342201108673
    },
    {
      "predictors": "core_mean_shortcut_score",
      "outcome": "external_biological_reliability",
      "r2": 0.022971964913799936,
      "ci_low": 5.196545710638434e-05,
      "ci_high": 0.11119951828624694,
      "n": 82,
      "coef": [
        0.3514648473149003
      ],
      "intercept": 0.35866784283972764
    },
    {
      "predictors": "core_mean_auroc+core_mean_shortcut_score",
      "outcome": "external_biological_reliability",
      "r2": 0.08611856848571298,
      "ci_low": 0.019866896402223357,
      "ci_high": 0.2388995558214317,
      "n": 82,
      "coef": [
        1.4561187349226126,
        0.3623749624417076
      ],
      "intercept": -0.8155333865032834
    },
    {
      "predictors": "core_mean_auroc+core_mean_rc_delta+core_mean_ece+core_matched_negative_shift+core_gc_bin_auroc_gap",
      "outcome": "external_biological_reliability",
      "r2": 0.3828453974599544,
      "ci_low": 0.2628916352444744,
      "ci_high": 0.5642315135660869,
      "n": 82,
      "coef": [
        0.8702712373932369,
        -0.21749236211249734,
        -0.4074045440798788,
        -3.5439964945168274,
        -9.353609660263102
      ],
      "intercept": 0.9797603069603176
    }
  ],
  "leave_one_family_out": [
    {
      "predictors": "core_mean_auroc",
      "outcome": "external_biological_reliability",
      "cv_r2": -0.3175100698488236,
      "folds": [
        {
          "held_out_family": "Histone marks",
          "n": 12,
          "r2": 0.16826700054835697
        },
        {
          "held_out_family": "TF binding",
          "n": 15,
          "r2": 0.1505983526968283
        },
        {
          "held_out_family": "Variant effect",
          "n": 55,
          "r2": -0.6183288683339945
        }
      ]
    },
    {
      "predictors": "core_mean_shortcut_score",
      "outcome": "external_biological_reliability",
      "cv_r2": -0.03662773230643768,
      "folds": [
        {
          "held_out_family": "Histone marks",
          "n": 12,
          "r2": -0.0871175638132331
        },
        {
          "held_out_family": "TF binding",
          "n": 15,
          "r2": -0.03131008625335574
        },
        {
          "held_out_family": "Variant effect",
          "n": 55,
          "r2": -0.037546266683094576
        }
      ]
    },
    {
      "predictors": "core_mean_auroc+core_mean_shortcut_score",
      "outcome": "external_biological_reliability",
      "cv_r2": -0.32078080786963237,
      "folds": [
        {
          "held_out_family": "Histone marks",
          "n": 12,
          "r2": 0.12705493536537982
        },
        {
          "held_out_family": "TF binding",
          "n": 15,
          "r2": 0.12738863602508688
        },
        {
          "held_out_family": "Variant effect",
          "n": 55,
          "r2": -0.6051506671270821
        }
      ]
    },
    {
      "predictors": "core_mean_auroc+core_mean_rc_delta+core_mean_ece+core_matched_negative_shift+core_gc_bin_auroc_gap",
      "outcome": "external_biological_reliability",
      "cv_r2": -0.1094618533034164,
      "folds": [
        {
          "held_out_family": "Histone marks",
          "n": 12,
          "r2": 0.5195131532647218
        },
        {
          "held_out_family": "TF binding",
          "n": 15,
          "r2": 0.3562348688102195
        },
        {
          "held_out_family": "Variant effect",
          "n": 55,
          "r2": -0.44281180520491925
        }
      ]
    }
  ],
  "family_stratified_regression": [
    {
      "external_family": "Histone marks",
      "predictors": "core_mean_auroc",
      "outcome": "external_biological_reliability",
      "r2": 0.6142014206192772,
      "ci_low": 0.36148942483962165,
      "ci_high": 0.8546862869559256,
      "n": 12
    },
    {
      "external_family": "TF binding",
      "predictors": "core_mean_auroc",
      "outcome": "external_biological_reliability",
      "r2": 0.3891853032456921,
      "ci_low": 0.03329989620766231,
      "ci_high": 0.7533820573875011,
      "n": 15
    },
    {
      "external_family": "Variant effect",
      "predictors": "core_mean_auroc",
      "outcome": "external_biological_reliability",
      "r2": 0.00016808999307271755,
      "ci_low": 2.959548783971755e-05,
      "ci_high": 0.09688218967024531,
      "n": 55
    },
    {
      "external_family": "Histone marks",
      "predictors": "core_mean_auroc+core_mean_rc_delta+core_mean_ece+core_matched_negative_shift+core_gc_bin_auroc_gap",
      "outcome": "external_biological_reliability",
      "r2": 0.95778316400216,
      "ci_low": 0.913392644421122,
      "ci_high": 1.0,
      "n": 12
    },
    {
      "external_family": "TF binding",
      "predictors": "core_mean_auroc+core_mean_rc_delta+core_mean_ece+core_matched_negative_shift+core_gc_bin_auroc_gap",
      "outcome": "external_biological_reliability",
      "r2": 0.8445162285758199,
      "ci_low": 0.7429700172217402,
      "ci_high": 0.9986552110987204,
      "n": 15
    },
    {
      "external_family": "Variant effect",
      "predictors": "core_mean_auroc+core_mean_rc_delta+core_mean_ece+core_matched_negative_shift+core_gc_bin_auroc_gap",
      "outcome": "external_biological_reliability",
      "r2": 0.3561628971677966,
      "ci_low": 0.1848804863484248,
      "ci_high": 0.6167291334331076,
      "n": 55
    }
  ],
  "full_profile_advantage": {
    "observed_delta": 0.32113855624435206,
    "ci_low": 0.18174012816986054,
    "ci_high": 0.5145493217912405,
    "n_boot": 1000
  },
  "shortcut_permutation": {
    "observed_delta": 0.2808823375423859,
    "p_value": 0.006,
    "n_perm": 1000
  },
  "permutation": {
    "observed_delta": 0.20804821654540806,
    "p_value": 0.361,
    "n_perm": 1000
  }
}