task_id,task_label,negative_n,negative_gc_fraction_mean,negative_cpg_oe_mean,negative_length_mean,negative_repeat_fraction_mean,negative_n_fraction_mean,positive_n,positive_gc_fraction_mean,positive_cpg_oe_mean,positive_length_mean,positive_repeat_fraction_mean,positive_n_fraction_mean
human_nontata_promoters,Promoters,4119,0.48444532140919205,0.26519530649880535,251.0,0.22162382274736928,0.0,4915,0.6270535356032635,0.6824241431172238,251.0,0.24272148435758492,8.105928270640692e-07
human_enhancers_cohn,Enhancers (Cohn),3474,0.3942677029360967,0.18210973571534275,500.0,0.23623603914795624,0.0,3474,0.4689055843408175,0.2583198069318069,500.0,0.23243465745538286,0.0
human_enhancers_ensembl,Enhancers (Ensembl),15485,0.40893300149192036,0.20868865729387195,267.88931223764934,0.2329691234551085,0.0006457862447529867,15485,0.45975167227355457,0.2489215606193011,267.88931223764934,0.24494117101274507,0.0
human_ocr_ensembl,Open chromatin,17476,0.40888072219537047,0.2088009132028254,326.8895628290227,0.23441859031938952,0.0006294346532387274,17476,0.42422039577143833,0.20172589257661327,326.8895628290227,0.21621397693997962,1.7660904973028153e-07
dummy_mouse_enhancers_ensembl,Mouse enhancers,121,0.20971600476510083,0.33717487013389147,2500.6528925619837,0.5909025918076909,0.4795369074407147,121,0.38831752900435423,0.3043014351172506,2500.6528925619837,0.35801624344911387,0.1785107742550354
drosophila_enhancers_stark,Fly enhancers,865,0.419603466387453,0.9258433689715285,2123.700578034682,0.22287934696738715,0.0,865,0.41643710901041286,0.925284965329276,2123.700578034682,0.24354927870282544,0.0
