{
  "dataset": "human_enhancers_cohn",
  "model": "small_sequence_cnn",
  "test_auroc": 0.7571924211073361,
  "test_accuracy": 0.6800518134715026,
  "reverse_complement_mean_abs_delta": 0.04898811876773834,
  "reverse_complement_prediction_flip_rate": 0.08995394358088658,
  "positive_original_mean_prob": 0.6483204364776611,
  "positive_gc_shuffle_mean_prob": 0.6383944749832153,
  "positive_gc_shuffle_prob_drop": 0.0099259614944458,
  "negative_original_mean_prob": 0.4327596127986908,
  "negative_gc_shuffle_mean_prob": 0.4505282938480377
}