dataset,reverse_complement_mean_abs_delta,reverse_complement_prediction_flip_rate,positive_original_mean_prob,positive_gc_shuffle_mean_prob,positive_gc_shuffle_prob_drop,negative_original_mean_prob,negative_gc_shuffle_mean_prob
human_nontata_promoters,0.2582111396805872,0.2721939340270091,0.8592735396948087,0.8736739071370141,-0.014400367442205408,0.14746893516653398,0.7613166394025298
human_enhancers_cohn,0.19835081181956246,0.24640184225676454,0.6584835898800343,0.7692076843975172,-0.11072409451748289,0.3400903960894019,0.61344032688765
