{
  "dataset": "human_nontata_promoters",
  "split_scheme": "chromosome_holdout",
  "model_family": "small_cnn",
  "n_seeds": 5,
  "auroc": 0.877131,
  "accuracy": 0.8225,
  "ece": 0.04371308264881373,
  "brier": 0.13533801547501947,
  "auroc_ci_low": 0.8623267780512791,
  "auroc_ci_high": 0.8919980344130587,
  "reverse_complement_mean_abs_delta": 0.03771568089723587,
  "reverse_complement_flip_rate": 0.0315,
  "reverse_complement_positive_prob_drop": 0.012660503387451172,
  "reverse_complement_ece": 0.052161160901188844,
  "reverse_complement_brier": 0.14200851637801565,
  "reverse_complement_mean_abs_delta_ci_low": 0.03581905104219914,
  "reverse_complement_mean_abs_delta_ci_high": 0.03958656415343285,
  "mono_shuffle_mean_abs_delta": 0.09506408870220184,
  "mono_shuffle_flip_rate": 0.1125,
  "mono_shuffle_positive_prob_drop": -0.012254834175109863,
  "mono_shuffle_ece": 0.05728646931797266,
  "mono_shuffle_brier": 0.1519679003376685,
  "mono_shuffle_mean_abs_delta_ci_low": 0.09096585176885129,
  "mono_shuffle_mean_abs_delta_ci_high": 0.09921314027160406,
  "dinuc_shuffle_mean_abs_delta": 0.052007466554641724,
  "dinuc_shuffle_flip_rate": 0.049,
  "dinuc_shuffle_positive_prob_drop": 0.04192584753036499,
  "dinuc_shuffle_ece": 0.06259758479893207,
  "dinuc_shuffle_brier": 0.14318554585992677,
  "dinuc_shuffle_mean_abs_delta_ci_low": 0.04943062160164118,
  "dinuc_shuffle_mean_abs_delta_ci_high": 0.054789576772600414
}