{
  "dataset": "human_nontata_promoters",
  "split_scheme": "chromosome_holdout",
  "model_family": "small_cnn_rc_aug",
  "n_seeds": 5,
  "auroc": 0.8746149999999999,
  "accuracy": 0.812,
  "ece": 0.06748521021008493,
  "brier": 0.14101000962365856,
  "auroc_ci_low": 0.8577632295924729,
  "auroc_ci_high": 0.8881188304694396,
  "reverse_complement_mean_abs_delta": 0.014434688724577427,
  "reverse_complement_flip_rate": 0.014,
  "reverse_complement_positive_prob_drop": -0.0015665292739868164,
  "reverse_complement_ece": 0.058112793885171425,
  "reverse_complement_brier": 0.14102243507334747,
  "reverse_complement_mean_abs_delta_ci_low": 0.013555521331727504,
  "reverse_complement_mean_abs_delta_ci_high": 0.015215700725093484,
  "mono_shuffle_mean_abs_delta": 0.1384345144033432,
  "mono_shuffle_flip_rate": 0.142,
  "mono_shuffle_positive_prob_drop": -0.03528398275375366,
  "mono_shuffle_ece": 0.0800019768103957,
  "mono_shuffle_brier": 0.1590831237759462,
  "mono_shuffle_mean_abs_delta_ci_low": 0.1331691887229681,
  "mono_shuffle_mean_abs_delta_ci_high": 0.14287793263792992,
  "dinuc_shuffle_mean_abs_delta": 0.057265907526016235,
  "dinuc_shuffle_flip_rate": 0.0455,
  "dinuc_shuffle_positive_prob_drop": 0.04630923271179199,
  "dinuc_shuffle_ece": 0.08104129044711589,
  "dinuc_shuffle_brier": 0.15117903319031104,
  "dinuc_shuffle_mean_abs_delta_ci_low": 0.05448459880426526,
  "dinuc_shuffle_mean_abs_delta_ci_high": 0.060411236714571714
}