{
  "dataset": "human_enhancers_cohn",
  "split_scheme": "chromosome_holdout",
  "model_family": "small_cnn_rc_aug",
  "n_seeds": 5,
  "auroc": 0.686525,
  "accuracy": 0.622,
  "ece": 0.07722480897232892,
  "brier": 0.2300904437721271,
  "auroc_ci_low": 0.6646875188075222,
  "auroc_ci_high": 0.7114818160521703,
  "reverse_complement_mean_abs_delta": 0.01116395927965641,
  "reverse_complement_flip_rate": 0.0175,
  "reverse_complement_positive_prob_drop": 6.711483001708984e-05,
  "reverse_complement_ece": 0.07706309644132851,
  "reverse_complement_brier": 0.23004180894985507,
  "reverse_complement_mean_abs_delta_ci_low": 0.010780833661556244,
  "reverse_complement_mean_abs_delta_ci_high": 0.011617504060268402,
  "mono_shuffle_mean_abs_delta": 0.05874665826559067,
  "mono_shuffle_flip_rate": 0.1225,
  "mono_shuffle_positive_prob_drop": -0.0007038712501525879,
  "mono_shuffle_ece": 0.08827306246757508,
  "mono_shuffle_brier": 0.23944726429330437,
  "mono_shuffle_mean_abs_delta_ci_low": 0.056527964398264886,
  "mono_shuffle_mean_abs_delta_ci_high": 0.06070649726316333,
  "dinuc_shuffle_mean_abs_delta": 0.054115716367959976,
  "dinuc_shuffle_flip_rate": 0.108,
  "dinuc_shuffle_positive_prob_drop": 0.011257171630859375,
  "dinuc_shuffle_ece": 0.07426051741838456,
  "dinuc_shuffle_brier": 0.23358793547220597,
  "dinuc_shuffle_mean_abs_delta_ci_low": 0.05214656880125403,
  "dinuc_shuffle_mean_abs_delta_ci_high": 0.05578509960323572
}