{
  "dataset": "human_enhancers_cohn",
  "split_scheme": "chromosome_holdout",
  "model_family": "small_cnn",
  "n_seeds": 5,
  "auroc": 0.6723289999999998,
  "accuracy": 0.603,
  "ece": 0.08505717517435551,
  "brier": 0.2344348471475057,
  "auroc_ci_low": 0.650655595496083,
  "auroc_ci_high": 0.6985673328448533,
  "reverse_complement_mean_abs_delta": 0.019701877608895302,
  "reverse_complement_flip_rate": 0.0425,
  "reverse_complement_positive_prob_drop": 0.0014029741287231445,
  "reverse_complement_ece": 0.08202772429585459,
  "reverse_complement_brier": 0.23438613242431927,
  "reverse_complement_mean_abs_delta_ci_low": 0.018915465148165823,
  "reverse_complement_mean_abs_delta_ci_high": 0.020525914384052157,
  "mono_shuffle_mean_abs_delta": 0.060704026371240616,
  "mono_shuffle_flip_rate": 0.126,
  "mono_shuffle_positive_prob_drop": 0.004806935787200928,
  "mono_shuffle_ece": 0.08593247652053837,
  "mono_shuffle_brier": 0.23788078266170629,
  "mono_shuffle_mean_abs_delta_ci_low": 0.05833615809679031,
  "mono_shuffle_mean_abs_delta_ci_high": 0.06277404371649027,
  "dinuc_shuffle_mean_abs_delta": 0.05786482244729996,
  "dinuc_shuffle_flip_rate": 0.1275,
  "dinuc_shuffle_positive_prob_drop": 0.01597219705581665,
  "dinuc_shuffle_ece": 0.0745295012295246,
  "dinuc_shuffle_brier": 0.233767191084624,
  "dinuc_shuffle_mean_abs_delta_ci_low": 0.055724050477147104,
  "dinuc_shuffle_mean_abs_delta_ci_high": 0.06027849018573761
}