{
  "dataset": "drosophila_enhancers_stark",
  "split_scheme": "official",
  "model_family": "kmer_logistic_regression",
  "seed": 42,
  "auroc": 0.6891095592903204,
  "accuracy": 0.6398843930635838,
  "ece": 0.3243117980495819,
  "brier": 0.33669457936676983,
  "auroc_ci_low": 0.6661143017952248,
  "auroc_ci_high": 0.7156476549475236,
  "reverse_complement_mean_abs_delta": 0.39995520677301827,
  "reverse_complement_flip_rate": 0.40404624277456647,
  "reverse_complement_positive_prob_drop": 0.03805045376777516,
  "reverse_complement_ece": 0.35676096390718,
  "reverse_complement_brier": 0.3660901792581062,
  "reverse_complement_mean_abs_delta_ci_low": 0.38034209170851174,
  "reverse_complement_mean_abs_delta_ci_high": 0.4171990722653346,
  "mono_shuffle_mean_abs_delta": 0.48754890453868666,
  "mono_shuffle_flip_rate": 0.49017341040462425,
  "mono_shuffle_positive_prob_drop": 0.37575484437633533,
  "mono_shuffle_ece": 0.4599497968217557,
  "mono_shuffle_brier": 0.4676125453788157,
  "mono_shuffle_mean_abs_delta_ci_low": 0.4666231643403536,
  "mono_shuffle_mean_abs_delta_ci_high": 0.5080362574673783,
  "dinuc_shuffle_mean_abs_delta": 0.49415095583958313,
  "dinuc_shuffle_flip_rate": 0.5028901734104047,
  "dinuc_shuffle_positive_prob_drop": 0.3365084417030419,
  "dinuc_shuffle_ece": 0.45945338512593115,
  "dinuc_shuffle_brier": 0.46572169380266576,
  "dinuc_shuffle_mean_abs_delta_ci_low": 0.47607059665085344,
  "dinuc_shuffle_mean_abs_delta_ci_high": 0.516872670308131
}