{
  "dataset": "dummy_mouse_enhancers_ensembl",
  "split_scheme": "official",
  "model_family": "kmer_logistic_regression",
  "seed": 42,
  "auroc": 0.8966600642032647,
  "accuracy": 0.8181818181818182,
  "ece": 0.12776905023956128,
  "brier": 0.14775643729443494,
  "auroc_ci_low": 0.8534239353623717,
  "auroc_ci_high": 0.9322665237302576,
  "reverse_complement_mean_abs_delta": 0.16516107613985725,
  "reverse_complement_flip_rate": 0.15702479338842976,
  "reverse_complement_positive_prob_drop": 0.04831971223074849,
  "reverse_complement_ece": 0.19420754140201785,
  "reverse_complement_brier": 0.19356148417614302,
  "reverse_complement_mean_abs_delta_ci_low": 0.1315212211977162,
  "reverse_complement_mean_abs_delta_ci_high": 0.19617408211624696,
  "mono_shuffle_mean_abs_delta": 0.4336245677454272,
  "mono_shuffle_flip_rate": 0.4793388429752066,
  "mono_shuffle_positive_prob_drop": 0.06463622510008582,
  "mono_shuffle_ece": 0.3236421196226633,
  "mono_shuffle_brier": 0.3676788663814344,
  "mono_shuffle_mean_abs_delta_ci_low": 0.37942496909454965,
  "mono_shuffle_mean_abs_delta_ci_high": 0.49032008156742213,
  "dinuc_shuffle_mean_abs_delta": 0.23211622257110115,
  "dinuc_shuffle_flip_rate": 0.23140495867768596,
  "dinuc_shuffle_positive_prob_drop": 0.26136525013063305,
  "dinuc_shuffle_ece": 0.24388013950442963,
  "dinuc_shuffle_brier": 0.24576678779718988,
  "dinuc_shuffle_mean_abs_delta_ci_low": 0.1914730273519727,
  "dinuc_shuffle_mean_abs_delta_ci_high": 0.28022926865463565
}