{
  "dataset": "human_nontata_promoters",
  "split_scheme": "official",
  "model_family": "small_cnn_rc_aug",
  "seed": 61,
  "auroc": 0.8634720000000001,
  "accuracy": 0.7975,
  "ece": 0.060463149141520275,
  "brier": 0.14774311510058105,
  "auroc_ci_low": 0.8464229191259873,
  "auroc_ci_high": 0.8772615902039338,
  "reverse_complement_mean_abs_delta": 0.03890729695558548,
  "reverse_complement_flip_rate": 0.0355,
  "reverse_complement_positive_prob_drop": -0.0012666583061218262,
  "reverse_complement_ece": 0.05969551666826009,
  "reverse_complement_brier": 0.1457613190522146,
  "reverse_complement_mean_abs_delta_ci_low": 0.036700806114822626,
  "reverse_complement_mean_abs_delta_ci_high": 0.04117636317387223,
  "mono_shuffle_mean_abs_delta": 0.17603500187397003,
  "mono_shuffle_flip_rate": 0.2185,
  "mono_shuffle_positive_prob_drop": 0.000948488712310791,
  "mono_shuffle_ece": 0.09037107177078721,
  "mono_shuffle_brier": 0.2110887925988467,
  "mono_shuffle_mean_abs_delta_ci_low": 0.16794062145054342,
  "mono_shuffle_mean_abs_delta_ci_high": 0.18380489237606526,
  "dinuc_shuffle_mean_abs_delta": 0.08482272177934647,
  "dinuc_shuffle_flip_rate": 0.0875,
  "dinuc_shuffle_positive_prob_drop": 0.055927276611328125,
  "dinuc_shuffle_ece": 0.08369252069294453,
  "dinuc_shuffle_brier": 0.17041073484694072,
  "dinuc_shuffle_mean_abs_delta_ci_low": 0.07962310165166855,
  "dinuc_shuffle_mean_abs_delta_ci_high": 0.09016429875046014
}