{
  "dataset": "human_ocr_ensembl",
  "split_scheme": "official",
  "model_family": "small_cnn",
  "seed": 61,
  "auroc": 0.63646,
  "accuracy": 0.5155,
  "ece": 0.11871957106888296,
  "brier": 0.25443602146994126,
  "auroc_ci_low": 0.6149153563027051,
  "auroc_ci_high": 0.6583413372924473,
  "reverse_complement_mean_abs_delta": 0.02191953919827938,
  "reverse_complement_flip_rate": 0.0245,
  "reverse_complement_positive_prob_drop": 0.0004063844680786133,
  "reverse_complement_ece": 0.11761760234832763,
  "reverse_complement_brier": 0.2546742982458323,
  "reverse_complement_mean_abs_delta_ci_low": 0.02113156341947615,
  "reverse_complement_mean_abs_delta_ci_high": 0.022724066348746418,
  "mono_shuffle_mean_abs_delta": 0.040701378136873245,
  "mono_shuffle_flip_rate": 0.052,
  "mono_shuffle_positive_prob_drop": 0.018633782863616943,
  "mono_shuffle_ece": 0.11147773626446719,
  "mono_shuffle_brier": 0.2588516674881768,
  "mono_shuffle_mean_abs_delta_ci_low": 0.03930129390209913,
  "mono_shuffle_mean_abs_delta_ci_high": 0.04213428096845746,
  "dinuc_shuffle_mean_abs_delta": 0.03595476597547531,
  "dinuc_shuffle_flip_rate": 0.0445,
  "dinuc_shuffle_positive_prob_drop": 0.0024669766426086426,
  "dinuc_shuffle_ece": 0.12219896274805071,
  "dinuc_shuffle_brier": 0.2613013296006216,
  "dinuc_shuffle_mean_abs_delta_ci_low": 0.03479544222354889,
  "dinuc_shuffle_mean_abs_delta_ci_high": 0.03708337116986513
}