{
  "dataset": "human_ocr_ensembl",
  "split_scheme": "official",
  "model_family": "small_cnn",
  "seed": 23,
  "auroc": 0.6347809999999999,
  "accuracy": 0.561,
  "ece": 0.08159495897591118,
  "brier": 0.24522866863941392,
  "auroc_ci_low": 0.6140955613258058,
  "auroc_ci_high": 0.6558101223120658,
  "reverse_complement_mean_abs_delta": 0.03445345163345337,
  "reverse_complement_flip_rate": 0.0995,
  "reverse_complement_positive_prob_drop": -0.0010985136032104492,
  "reverse_complement_ece": 0.08094936625659466,
  "reverse_complement_brier": 0.24485756019314373,
  "reverse_complement_mean_abs_delta_ci_low": 0.033102867938578126,
  "reverse_complement_mean_abs_delta_ci_high": 0.03602398531511426,
  "mono_shuffle_mean_abs_delta": 0.05643174797296524,
  "mono_shuffle_flip_rate": 0.1815,
  "mono_shuffle_positive_prob_drop": -0.006698191165924072,
  "mono_shuffle_ece": 0.09893115270137783,
  "mono_shuffle_brier": 0.2574124274132102,
  "mono_shuffle_mean_abs_delta_ci_low": 0.05419344380497933,
  "mono_shuffle_mean_abs_delta_ci_high": 0.05919027663767338,
  "dinuc_shuffle_mean_abs_delta": 0.0516616515815258,
  "dinuc_shuffle_flip_rate": 0.1705,
  "dinuc_shuffle_positive_prob_drop": -0.013406455516815186,
  "dinuc_shuffle_ece": 0.10560403367877004,
  "dinuc_shuffle_brier": 0.25831872517341015,
  "dinuc_shuffle_mean_abs_delta_ci_low": 0.04969728197902441,
  "dinuc_shuffle_mean_abs_delta_ci_high": 0.054036765545606616
}