{
  "dataset": "human_enhancers_cohn",
  "split_scheme": "official",
  "model_family": "small_cnn_rc_aug",
  "seed": 23,
  "auroc": 0.767179,
  "accuracy": 0.671,
  "ece": 0.0996756546013057,
  "brier": 0.2062938934412569,
  "auroc_ci_low": 0.7493528475741902,
  "auroc_ci_high": 0.7857500071786272,
  "reverse_complement_mean_abs_delta": 0.03491285815834999,
  "reverse_complement_flip_rate": 0.055,
  "reverse_complement_positive_prob_drop": -0.0007271766662597656,
  "reverse_complement_ece": 0.10104083582758905,
  "reverse_complement_brier": 0.20633640214025828,
  "reverse_complement_mean_abs_delta_ci_low": 0.03327826764434576,
  "reverse_complement_mean_abs_delta_ci_high": 0.03614041209220886,
  "mono_shuffle_mean_abs_delta": 0.09242229163646698,
  "mono_shuffle_flip_rate": 0.1675,
  "mono_shuffle_positive_prob_drop": 0.005930721759796143,
  "mono_shuffle_ece": 0.1027635495811701,
  "mono_shuffle_brier": 0.21919220262632805,
  "mono_shuffle_mean_abs_delta_ci_low": 0.08914877772331238,
  "mono_shuffle_mean_abs_delta_ci_high": 0.09662620518356561,
  "dinuc_shuffle_mean_abs_delta": 0.08410124480724335,
  "dinuc_shuffle_flip_rate": 0.1375,
  "dinuc_shuffle_positive_prob_drop": 0.013506114482879639,
  "dinuc_shuffle_ece": 0.09590320017933844,
  "dinuc_shuffle_brier": 0.21583287135994284,
  "dinuc_shuffle_mean_abs_delta_ci_low": 0.08114377986639738,
  "dinuc_shuffle_mean_abs_delta_ci_high": 0.08716102708131075
}