{
  "dataset": "human_nontata_promoters",
  "split_scheme": "official",
  "model_family": "small_cnn",
  "seed": 37,
  "auroc": 0.8635649999999999,
  "accuracy": 0.793,
  "ece": 0.08739086467027664,
  "brier": 0.15315859881156144,
  "auroc_ci_low": 0.8470820759160652,
  "auroc_ci_high": 0.8774169029180778,
  "reverse_complement_mean_abs_delta": 0.05396636947989464,
  "reverse_complement_flip_rate": 0.0495,
  "reverse_complement_positive_prob_drop": 0.006936073303222656,
  "reverse_complement_ece": 0.08591623060032726,
  "reverse_complement_brier": 0.1617021443175368,
  "reverse_complement_mean_abs_delta_ci_low": 0.050765568669885394,
  "reverse_complement_mean_abs_delta_ci_high": 0.056932555977255106,
  "mono_shuffle_mean_abs_delta": 0.19416363537311554,
  "mono_shuffle_flip_rate": 0.2495,
  "mono_shuffle_positive_prob_drop": -0.05779379606246948,
  "mono_shuffle_ece": 0.08928845274448396,
  "mono_shuffle_brier": 0.21074114244322842,
  "mono_shuffle_mean_abs_delta_ci_low": 0.18607286587357522,
  "mono_shuffle_mean_abs_delta_ci_high": 0.20235275626182558,
  "dinuc_shuffle_mean_abs_delta": 0.07777437567710876,
  "dinuc_shuffle_flip_rate": 0.079,
  "dinuc_shuffle_positive_prob_drop": 0.043331801891326904,
  "dinuc_shuffle_ece": 0.10038447143882515,
  "dinuc_shuffle_brier": 0.17606516915638207,
  "dinuc_shuffle_mean_abs_delta_ci_low": 0.07368984408676625,
  "dinuc_shuffle_mean_abs_delta_ci_high": 0.08274066355079412
}