{
  "dataset": "human_enhancers_cohn",
  "split_scheme": "official",
  "model_family": "small_cnn_rc_aug",
  "seed": 61,
  "auroc": 0.761108,
  "accuracy": 0.6795,
  "ece": 0.04072517013549806,
  "brier": 0.19945506002378438,
  "auroc_ci_low": 0.7412008761058404,
  "auroc_ci_high": 0.7787949378945623,
  "reverse_complement_mean_abs_delta": 0.02861522138118744,
  "reverse_complement_flip_rate": 0.057,
  "reverse_complement_positive_prob_drop": 0.0008370876312255859,
  "reverse_complement_ece": 0.044067843623459335,
  "reverse_complement_brier": 0.20044485159281425,
  "reverse_complement_mean_abs_delta_ci_low": 0.027663499303162097,
  "reverse_complement_mean_abs_delta_ci_high": 0.029730730410665273,
  "mono_shuffle_mean_abs_delta": 0.08237992972135544,
  "mono_shuffle_flip_rate": 0.1575,
  "mono_shuffle_positive_prob_drop": 0.01240086555480957,
  "mono_shuffle_ece": 0.044459988169372085,
  "mono_shuffle_brier": 0.21110838574067067,
  "mono_shuffle_mean_abs_delta_ci_low": 0.07978673987090587,
  "mono_shuffle_mean_abs_delta_ci_high": 0.08558089341968297,
  "dinuc_shuffle_mean_abs_delta": 0.0749189555644989,
  "dinuc_shuffle_flip_rate": 0.141,
  "dinuc_shuffle_positive_prob_drop": 0.014973044395446777,
  "dinuc_shuffle_ece": 0.031122644998133175,
  "dinuc_shuffle_brier": 0.20663659788112493,
  "dinuc_shuffle_mean_abs_delta_ci_low": 0.07168232817202806,
  "dinuc_shuffle_mean_abs_delta_ci_high": 0.07766472715884447
}