{
  "dataset": "human_nontata_promoters",
  "split_scheme": "official",
  "model_family": "small_cnn_rc_aug",
  "seed": 23,
  "auroc": 0.8580690000000001,
  "accuracy": 0.785,
  "ece": 0.0728000067472458,
  "brier": 0.15213432788042816,
  "auroc_ci_low": 0.8415790534421763,
  "auroc_ci_high": 0.8730867479151793,
  "reverse_complement_mean_abs_delta": 0.04018397629261017,
  "reverse_complement_flip_rate": 0.053,
  "reverse_complement_positive_prob_drop": 0.0009886622428894043,
  "reverse_complement_ece": 0.07135737435519694,
  "reverse_complement_brier": 0.15139369522898954,
  "reverse_complement_mean_abs_delta_ci_low": 0.03786635147407651,
  "reverse_complement_mean_abs_delta_ci_high": 0.04246436078101397,
  "mono_shuffle_mean_abs_delta": 0.16986800730228424,
  "mono_shuffle_flip_rate": 0.2535,
  "mono_shuffle_positive_prob_drop": -0.02457791566848755,
  "mono_shuffle_ece": 0.18820967871695757,
  "mono_shuffle_brier": 0.24613254116660532,
  "mono_shuffle_mean_abs_delta_ci_low": 0.16121431663632393,
  "mono_shuffle_mean_abs_delta_ci_high": 0.1771993339061737,
  "dinuc_shuffle_mean_abs_delta": 0.08928512781858444,
  "dinuc_shuffle_flip_rate": 0.115,
  "dinuc_shuffle_positive_prob_drop": 0.032910048961639404,
  "dinuc_shuffle_ece": 0.06252161895483734,
  "dinuc_shuffle_brier": 0.16573078740617808,
  "dinuc_shuffle_mean_abs_delta_ci_low": 0.08404670618474483,
  "dinuc_shuffle_mean_abs_delta_ci_high": 0.09418717958033085
}