{
  "dataset": "human_nontata_promoters",
  "split_scheme": "official",
  "model_family": "small_cnn_rc_aug",
  "seed": 11,
  "auroc": 0.8544959999999999,
  "accuracy": 0.7805,
  "ece": 0.0799975165128708,
  "brier": 0.1576149310847026,
  "auroc_ci_low": 0.8395295230466145,
  "auroc_ci_high": 0.8689664114619188,
  "reverse_complement_mean_abs_delta": 0.0630815252661705,
  "reverse_complement_flip_rate": 0.098,
  "reverse_complement_positive_prob_drop": -0.0039136409759521484,
  "reverse_complement_ece": 0.07963841038197278,
  "reverse_complement_brier": 0.15401470646712295,
  "reverse_complement_mean_abs_delta_ci_low": 0.05959973391145468,
  "reverse_complement_mean_abs_delta_ci_high": 0.0666270449757576,
  "mono_shuffle_mean_abs_delta": 0.17083747684955597,
  "mono_shuffle_flip_rate": 0.257,
  "mono_shuffle_positive_prob_drop": -0.024446845054626465,
  "mono_shuffle_ece": 0.18969281125068665,
  "mono_shuffle_brier": 0.25130777218652683,
  "mono_shuffle_mean_abs_delta_ci_low": 0.16279180012643338,
  "mono_shuffle_mean_abs_delta_ci_high": 0.17788319215178489,
  "dinuc_shuffle_mean_abs_delta": 0.08875878155231476,
  "dinuc_shuffle_flip_rate": 0.13,
  "dinuc_shuffle_positive_prob_drop": 0.036108314990997314,
  "dinuc_shuffle_ece": 0.06315874853730201,
  "dinuc_shuffle_brier": 0.16889420395920537,
  "dinuc_shuffle_mean_abs_delta_ci_low": 0.08343052081763744,
  "dinuc_shuffle_mean_abs_delta_ci_high": 0.0941066624596715
}