{
  "dataset": "human_ocr_ensembl",
  "split_scheme": "official",
  "model_family": "small_cnn_rc_aug",
  "seed": 11,
  "auroc": 0.6818979999999999,
  "accuracy": 0.603,
  "ece": 0.0884533564299345,
  "brier": 0.23301992077910394,
  "auroc_ci_low": 0.6580476725291995,
  "auroc_ci_high": 0.7067961633237848,
  "reverse_complement_mean_abs_delta": 0.08064857125282288,
  "reverse_complement_flip_rate": 0.15,
  "reverse_complement_positive_prob_drop": 0.002959012985229492,
  "reverse_complement_ece": 0.08137989336252213,
  "reverse_complement_brier": 0.234500289860559,
  "reverse_complement_mean_abs_delta_ci_low": 0.07784935235977172,
  "reverse_complement_mean_abs_delta_ci_high": 0.08390697706490755,
  "mono_shuffle_mean_abs_delta": 0.11132049560546875,
  "mono_shuffle_flip_rate": 0.251,
  "mono_shuffle_positive_prob_drop": 0.02273726463317871,
  "mono_shuffle_ece": 0.09831715263426305,
  "mono_shuffle_brier": 0.2607045530381923,
  "mono_shuffle_mean_abs_delta_ci_low": 0.10730039812624455,
  "mono_shuffle_mean_abs_delta_ci_high": 0.11519496161490679,
  "dinuc_shuffle_mean_abs_delta": 0.09965987503528595,
  "dinuc_shuffle_flip_rate": 0.22,
  "dinuc_shuffle_positive_prob_drop": 0.00036513805389404297,
  "dinuc_shuffle_ece": 0.10729909566044807,
  "dinuc_shuffle_brier": 0.2567061568772252,
  "dinuc_shuffle_mean_abs_delta_ci_low": 0.0960355594754219,
  "dinuc_shuffle_mean_abs_delta_ci_high": 0.10390649605542421
}