{
  "dataset": "human_enhancers_ensembl",
  "split_scheme": "official",
  "model_family": "small_cnn_rc_aug",
  "seed": 49,
  "auroc": 0.8829069999999999,
  "accuracy": 0.8015,
  "ece": 0.022637863568961622,
  "brier": 0.13814071643131132,
  "auroc_ci_low": 0.8682672555305985,
  "auroc_ci_high": 0.8966369388160983,
  "reverse_complement_mean_abs_delta": 0.07677081227302551,
  "reverse_complement_flip_rate": 0.086,
  "reverse_complement_positive_prob_drop": 0.0036351680755615234,
  "reverse_complement_ece": 0.015540561340749255,
  "reverse_complement_brier": 0.14009696392425333,
  "reverse_complement_mean_abs_delta_ci_low": 0.07342287674546241,
  "reverse_complement_mean_abs_delta_ci_high": 0.08011552840471269,
  "mono_shuffle_mean_abs_delta": 0.3168797492980957,
  "mono_shuffle_flip_rate": 0.43,
  "mono_shuffle_positive_prob_drop": 0.3574954867362976,
  "mono_shuffle_ece": 0.22756205154955392,
  "mono_shuffle_brier": 0.3051672028589335,
  "mono_shuffle_mean_abs_delta_ci_low": 0.3068876460194588,
  "mono_shuffle_mean_abs_delta_ci_high": 0.3292775698006153,
  "dinuc_shuffle_mean_abs_delta": 0.19817127287387848,
  "dinuc_shuffle_flip_rate": 0.2685,
  "dinuc_shuffle_positive_prob_drop": 0.16693925857543945,
  "dinuc_shuffle_ece": 0.10792395600862802,
  "dinuc_shuffle_brier": 0.21520072968700749,
  "dinuc_shuffle_mean_abs_delta_ci_low": 0.19026473648846148,
  "dinuc_shuffle_mean_abs_delta_ci_high": 0.20637400895357133
}