{
  "dataset": "human_enhancers_cohn",
  "split_scheme": "official",
  "model_family": "kmer_logistic_regression",
  "seed": 42,
  "auroc": 0.700194,
  "accuracy": 0.6525,
  "ece": 0.28578265025585015,
  "brier": 0.30925042888423226,
  "auroc_ci_low": 0.6811601942256796,
  "auroc_ci_high": 0.7215499859851517,
  "reverse_complement_mean_abs_delta": 0.3707913085785532,
  "reverse_complement_flip_rate": 0.378,
  "reverse_complement_positive_prob_drop": 0.01727172177929548,
  "reverse_complement_ece": 0.296340893031162,
  "reverse_complement_brier": 0.3142791478211482,
  "reverse_complement_mean_abs_delta_ci_low": 0.3549776455749621,
  "reverse_complement_mean_abs_delta_ci_high": 0.39064488474919895,
  "mono_shuffle_mean_abs_delta": 0.4242434977687761,
  "mono_shuffle_flip_rate": 0.4345,
  "mono_shuffle_positive_prob_drop": -0.07969558168943569,
  "mono_shuffle_ece": 0.3683076043765871,
  "mono_shuffle_brier": 0.38409452336195704,
  "mono_shuffle_mean_abs_delta_ci_low": 0.4067431362460393,
  "mono_shuffle_mean_abs_delta_ci_high": 0.44602728613410153,
  "dinuc_shuffle_mean_abs_delta": 0.4051801925094063,
  "dinuc_shuffle_flip_rate": 0.419,
  "dinuc_shuffle_positive_prob_drop": 0.13848789357906,
  "dinuc_shuffle_ece": 0.3568931140825447,
  "dinuc_shuffle_brier": 0.3740298834431764,
  "dinuc_shuffle_mean_abs_delta_ci_low": 0.3862345548774618,
  "dinuc_shuffle_mean_abs_delta_ci_high": 0.4202734297965871
}