{
  "dataset": "human_enhancers_cohn",
  "split_scheme": "official",
  "model_family": "small_cnn",
  "seed": 49,
  "auroc": 0.750998,
  "accuracy": 0.613,
  "ece": 0.17340154632180926,
  "brier": 0.23596835472576164,
  "auroc_ci_low": 0.7270923432770156,
  "auroc_ci_high": 0.7746410678312173,
  "reverse_complement_mean_abs_delta": 0.01744086667895317,
  "reverse_complement_flip_rate": 0.023,
  "reverse_complement_positive_prob_drop": 0.0011051297187805176,
  "reverse_complement_ece": 0.17326676993072032,
  "reverse_complement_brier": 0.23678961474691906,
  "reverse_complement_mean_abs_delta_ci_low": 0.016746961837634446,
  "reverse_complement_mean_abs_delta_ci_high": 0.01806394043378532,
  "mono_shuffle_mean_abs_delta": 0.06559251248836517,
  "mono_shuffle_flip_rate": 0.105,
  "mono_shuffle_positive_prob_drop": -0.0012093186378479004,
  "mono_shuffle_ece": 0.17538797456026078,
  "mono_shuffle_brier": 0.2402557109545505,
  "mono_shuffle_mean_abs_delta_ci_low": 0.06263389363884926,
  "mono_shuffle_mean_abs_delta_ci_high": 0.0682167461141944,
  "dinuc_shuffle_mean_abs_delta": 0.06515918672084808,
  "dinuc_shuffle_flip_rate": 0.112,
  "dinuc_shuffle_positive_prob_drop": 0.01890861988067627,
  "dinuc_shuffle_ece": 0.153653764128685,
  "dinuc_shuffle_brier": 0.23213272174716398,
  "dinuc_shuffle_mean_abs_delta_ci_low": 0.06313036736100912,
  "dinuc_shuffle_mean_abs_delta_ci_high": 0.06759811397641897
}