{
  "dataset": "human_enhancers_cohn",
  "split_scheme": "official",
  "model_family": "dnabert2_embedding_logistic",
  "seed": 42,
  "auroc": 0.829724,
  "accuracy": 0.736,
  "ece": 0.024830812077690247,
  "brier": 0.16842155243050078,
  "auroc_ci_low": 0.8097852204081633,
  "auroc_ci_high": 0.8562255174910282,
  "reverse_complement_mean_abs_delta": 0.059143663490778535,
  "reverse_complement_flip_rate": 0.097,
  "reverse_complement_positive_prob_drop": -0.003537693072833026,
  "reverse_complement_ece": 0.03803731036862949,
  "reverse_complement_brier": 0.16732925703527007,
  "reverse_complement_mean_abs_delta_ci_low": 0.05598163486983887,
  "reverse_complement_mean_abs_delta_ci_high": 0.06219924184232063,
  "mono_shuffle_mean_abs_delta": 0.1908418012604889,
  "mono_shuffle_flip_rate": 0.341,
  "mono_shuffle_positive_prob_drop": -0.04888868852490402,
  "mono_shuffle_ece": 0.13335404240099488,
  "mono_shuffle_brier": 0.23642439839817608,
  "mono_shuffle_mean_abs_delta_ci_low": 0.18201201079262339,
  "mono_shuffle_mean_abs_delta_ci_high": 0.20022785380405683,
  "dinuc_shuffle_mean_abs_delta": 0.14340520359706713,
  "dinuc_shuffle_flip_rate": 0.227,
  "dinuc_shuffle_positive_prob_drop": 0.02330921586682666,
  "dinuc_shuffle_ece": 0.03779328475607565,
  "dinuc_shuffle_brier": 0.20672073677787353,
  "dinuc_shuffle_mean_abs_delta_ci_low": 0.13615838991245766,
  "dinuc_shuffle_mean_abs_delta_ci_high": 0.15007477993791302
}