{
  "dataset": "human_enhancers_ensembl",
  "split_scheme": "official",
  "model_family": "small_cnn",
  "seed": 11,
  "auroc": 0.8313269999999999,
  "accuracy": 0.679,
  "ece": 0.168820029951632,
  "brier": 0.2040781873155003,
  "auroc_ci_low": 0.8159051417435941,
  "auroc_ci_high": 0.8465438818062643,
  "reverse_complement_mean_abs_delta": 0.15251027047634125,
  "reverse_complement_flip_rate": 0.2305,
  "reverse_complement_positive_prob_drop": 0.005614638328552246,
  "reverse_complement_ece": 0.1631766636446118,
  "reverse_complement_brier": 0.20199185863286856,
  "reverse_complement_mean_abs_delta_ci_low": 0.14641896523535253,
  "reverse_complement_mean_abs_delta_ci_high": 0.160394586622715,
  "mono_shuffle_mean_abs_delta": 0.23475153744220734,
  "mono_shuffle_flip_rate": 0.343,
  "mono_shuffle_positive_prob_drop": 0.19576424360275269,
  "mono_shuffle_ece": 0.14501443096250297,
  "mono_shuffle_brier": 0.2687915442246729,
  "mono_shuffle_mean_abs_delta_ci_low": 0.227021287381649,
  "mono_shuffle_mean_abs_delta_ci_high": 0.24240860827267172,
  "dinuc_shuffle_mean_abs_delta": 0.1260991394519806,
  "dinuc_shuffle_flip_rate": 0.139,
  "dinuc_shuffle_positive_prob_drop": 0.06120330095291138,
  "dinuc_shuffle_ece": 0.14705829916894436,
  "dinuc_shuffle_brier": 0.231205575785762,
  "dinuc_shuffle_mean_abs_delta_ci_low": 0.12067230921238661,
  "dinuc_shuffle_mean_abs_delta_ci_high": 0.1313432991504669
}