{
  "dataset": "human_enhancers_cohn",
  "split_scheme": "chromosome_holdout",
  "model_family": "kmer_logistic_regression",
  "seed": 42,
  "auroc": 0.6869750000000001,
  "accuracy": 0.6235,
  "ece": 0.31814073970682255,
  "brier": 0.3347911351781911,
  "auroc_ci_low": 0.6652971607912399,
  "auroc_ci_high": 0.7075387492651828,
  "reverse_complement_mean_abs_delta": 0.3622616513025858,
  "reverse_complement_flip_rate": 0.3735,
  "reverse_complement_positive_prob_drop": 0.0006108221791323309,
  "reverse_complement_ece": 0.30667167089328884,
  "reverse_complement_brier": 0.3237534162401304,
  "reverse_complement_mean_abs_delta_ci_low": 0.3444019896893667,
  "reverse_complement_mean_abs_delta_ci_high": 0.3797775082433516,
  "mono_shuffle_mean_abs_delta": 0.43514036469452094,
  "mono_shuffle_flip_rate": 0.444,
  "mono_shuffle_positive_prob_drop": -0.060605949611358345,
  "mono_shuffle_ece": 0.41444946034200514,
  "mono_shuffle_brier": 0.42544722111687744,
  "mono_shuffle_mean_abs_delta_ci_low": 0.41545000681580485,
  "mono_shuffle_mean_abs_delta_ci_high": 0.45156915505277606,
  "dinuc_shuffle_mean_abs_delta": 0.42422213405852827,
  "dinuc_shuffle_flip_rate": 0.4355,
  "dinuc_shuffle_positive_prob_drop": 0.1256083039000757,
  "dinuc_shuffle_ece": 0.36242763980507453,
  "dinuc_shuffle_brier": 0.38178078074301997,
  "dinuc_shuffle_mean_abs_delta_ci_low": 0.4065629738495868,
  "dinuc_shuffle_mean_abs_delta_ci_high": 0.4401148809785214
}