{
  "dataset": "human_ocr_ensembl",
  "split_scheme": "official",
  "model_family": "small_cnn",
  "seed": 49,
  "auroc": 0.6080565,
  "accuracy": 0.5,
  "ece": 0.020529091358184814,
  "brier": 0.25012404189644744,
  "auroc_ci_low": 0.5806423724992981,
  "auroc_ci_high": 0.6265502239025993,
  "reverse_complement_mean_abs_delta": 0.0008100456325337291,
  "reverse_complement_flip_rate": 0.0,
  "reverse_complement_positive_prob_drop": -1.3709068298339844e-05,
  "reverse_complement_ece": 0.020525038242340088,
  "reverse_complement_brier": 0.2501059947569146,
  "reverse_complement_mean_abs_delta_ci_low": 0.0007795307872584089,
  "reverse_complement_mean_abs_delta_ci_high": 0.0008361576677998528,
  "mono_shuffle_mean_abs_delta": 0.0009890221990644932,
  "mono_shuffle_flip_rate": 0.0,
  "mono_shuffle_positive_prob_drop": -0.00020450353622436523,
  "mono_shuffle_ece": 0.020872533321380615,
  "mono_shuffle_brier": 0.25027677109738466,
  "mono_shuffle_mean_abs_delta_ci_low": 0.0009469501645071433,
  "mono_shuffle_mean_abs_delta_ci_high": 0.0010212322580628098,
  "dinuc_shuffle_mean_abs_delta": 0.0009400268900208175,
  "dinuc_shuffle_flip_rate": 0.0,
  "dinuc_shuffle_positive_prob_drop": -0.00028783082962036133,
  "dinuc_shuffle_ece": 0.02091008424758911,
  "dinuc_shuffle_brier": 0.25023274946677104,
  "dinuc_shuffle_mean_abs_delta_ci_low": 0.0009106532175792381,
  "dinuc_shuffle_mean_abs_delta_ci_high": 0.000975190410099458
}