{
  "dataset": "human_nontata_promoters",
  "split_scheme": "official",
  "model_family": "small_cnn",
  "seed": 11,
  "auroc": 0.8276239999999999,
  "accuracy": 0.7755,
  "ece": 0.02189474427700043,
  "brier": 0.16097324014387526,
  "auroc_ci_low": 0.8141712183414828,
  "auroc_ci_high": 0.8432429776458588,
  "reverse_complement_mean_abs_delta": 0.058753471821546555,
  "reverse_complement_flip_rate": 0.0785,
  "reverse_complement_positive_prob_drop": 0.005023658275604248,
  "reverse_complement_ece": 0.017449995964765548,
  "reverse_complement_brier": 0.16752599216534225,
  "reverse_complement_mean_abs_delta_ci_low": 0.055274365935474634,
  "reverse_complement_mean_abs_delta_ci_high": 0.06217009574174881,
  "mono_shuffle_mean_abs_delta": 0.09784611314535141,
  "mono_shuffle_flip_rate": 0.1385,
  "mono_shuffle_positive_prob_drop": 0.02084505558013916,
  "mono_shuffle_ece": 0.052655802145600304,
  "mono_shuffle_brier": 0.19861054377565415,
  "mono_shuffle_mean_abs_delta_ci_low": 0.09245315808802843,
  "mono_shuffle_mean_abs_delta_ci_high": 0.10237095281481742,
  "dinuc_shuffle_mean_abs_delta": 0.06971066445112228,
  "dinuc_shuffle_flip_rate": 0.092,
  "dinuc_shuffle_positive_prob_drop": 0.042740702629089355,
  "dinuc_shuffle_ece": 0.029948506981134427,
  "dinuc_shuffle_brier": 0.1732169679520207,
  "dinuc_shuffle_mean_abs_delta_ci_low": 0.06559351682662964,
  "dinuc_shuffle_mean_abs_delta_ci_high": 0.07374220099300147
}