{
  "dataset": "human_ocr_ensembl",
  "split_scheme": "official",
  "model_family": "small_cnn_rc_aug",
  "seed": 37,
  "auroc": 0.6800679999999999,
  "accuracy": 0.6225,
  "ece": 0.06659392157197,
  "brier": 0.2301400499561783,
  "auroc_ci_low": 0.6594306344871671,
  "auroc_ci_high": 0.7028187478650099,
  "reverse_complement_mean_abs_delta": 0.05882687494158745,
  "reverse_complement_flip_rate": 0.116,
  "reverse_complement_positive_prob_drop": 0.0010638236999511719,
  "reverse_complement_ece": 0.06878084699809552,
  "reverse_complement_brier": 0.23098985507091896,
  "reverse_complement_mean_abs_delta_ci_low": 0.05685394825413823,
  "reverse_complement_mean_abs_delta_ci_high": 0.061336047295480964,
  "mono_shuffle_mean_abs_delta": 0.16754743456840515,
  "mono_shuffle_flip_rate": 0.4255,
  "mono_shuffle_positive_prob_drop": 0.12874767184257507,
  "mono_shuffle_ece": 0.07364802569150926,
  "mono_shuffle_brier": 0.25568180221840386,
  "mono_shuffle_mean_abs_delta_ci_low": 0.16155234761536122,
  "mono_shuffle_mean_abs_delta_ci_high": 0.1723098497837782,
  "dinuc_shuffle_mean_abs_delta": 0.1340760439634323,
  "dinuc_shuffle_flip_rate": 0.2745,
  "dinuc_shuffle_positive_prob_drop": 0.011253058910369873,
  "dinuc_shuffle_ece": 0.09439252865314483,
  "dinuc_shuffle_brier": 0.2554441567901033,
  "dinuc_shuffle_mean_abs_delta_ci_low": 0.12863769344985485,
  "dinuc_shuffle_mean_abs_delta_ci_high": 0.13956057094037533
}