{
  "dataset": "human_ocr_ensembl",
  "split_scheme": "official",
  "model_family": "small_cnn_rc_aug",
  "seed": 49,
  "auroc": 0.686169,
  "accuracy": 0.617,
  "ece": 0.05401184556633234,
  "brier": 0.22647362764396295,
  "auroc_ci_low": 0.6639456719889156,
  "auroc_ci_high": 0.7077784194606023,
  "reverse_complement_mean_abs_delta": 0.07804100960493088,
  "reverse_complement_flip_rate": 0.249,
  "reverse_complement_positive_prob_drop": -0.00032770633697509766,
  "reverse_complement_ece": 0.044807004109024995,
  "reverse_complement_brier": 0.22680584254450795,
  "reverse_complement_mean_abs_delta_ci_low": 0.07566719762980938,
  "reverse_complement_mean_abs_delta_ci_high": 0.08082595504820347,
  "mono_shuffle_mean_abs_delta": 0.1214803159236908,
  "mono_shuffle_flip_rate": 0.4105,
  "mono_shuffle_positive_prob_drop": 0.04259809851646423,
  "mono_shuffle_ece": 0.07263856063783167,
  "mono_shuffle_brier": 0.25412378711145217,
  "mono_shuffle_mean_abs_delta_ci_low": 0.11769702956080437,
  "mono_shuffle_mean_abs_delta_ci_high": 0.12539446726441383,
  "dinuc_shuffle_mean_abs_delta": 0.10976538062095642,
  "dinuc_shuffle_flip_rate": 0.3505,
  "dinuc_shuffle_positive_prob_drop": 0.009556680917739868,
  "dinuc_shuffle_ece": 0.0361009236127138,
  "dinuc_shuffle_brier": 0.24673210328859396,
  "dinuc_shuffle_mean_abs_delta_ci_low": 0.10620247330516577,
  "dinuc_shuffle_mean_abs_delta_ci_high": 0.1135422432795167
}