{
  "dataset": "human_ocr_ensembl",
  "split_scheme": "official",
  "model_family": "small_cnn",
  "seed": 11,
  "auroc": 0.62702,
  "accuracy": 0.584,
  "ece": 0.05234869663417341,
  "brier": 0.2405268481687205,
  "auroc_ci_low": 0.6029789247565113,
  "auroc_ci_high": 0.6519634709404355,
  "reverse_complement_mean_abs_delta": 0.03495754301548004,
  "reverse_complement_flip_rate": 0.1085,
  "reverse_complement_positive_prob_drop": -0.001012265682220459,
  "reverse_complement_ece": 0.05174180470407007,
  "reverse_complement_brier": 0.23981057948781515,
  "reverse_complement_mean_abs_delta_ci_low": 0.03347608838230372,
  "reverse_complement_mean_abs_delta_ci_high": 0.03671979811042547,
  "mono_shuffle_mean_abs_delta": 0.06821156293153763,
  "mono_shuffle_flip_rate": 0.26,
  "mono_shuffle_positive_prob_drop": -0.007841169834136963,
  "mono_shuffle_ece": 0.07552290725708008,
  "mono_shuffle_brier": 0.25427900841216333,
  "mono_shuffle_mean_abs_delta_ci_low": 0.0650154173374176,
  "mono_shuffle_mean_abs_delta_ci_high": 0.07162339016795159,
  "dinuc_shuffle_mean_abs_delta": 0.06700284779071808,
  "dinuc_shuffle_flip_rate": 0.231,
  "dinuc_shuffle_positive_prob_drop": -0.02580249309539795,
  "dinuc_shuffle_ece": 0.08671847261488438,
  "dinuc_shuffle_brier": 0.25129514760378385,
  "dinuc_shuffle_mean_abs_delta_ci_low": 0.06427097972482443,
  "dinuc_shuffle_mean_abs_delta_ci_high": 0.06971402242779733
}