{
  "dataset": "human_enhancers_ensembl",
  "split_scheme": "official",
  "model_family": "small_cnn_rc_aug",
  "seed": 61,
  "auroc": 0.878342,
  "accuracy": 0.799,
  "ece": 0.01385091763548554,
  "brier": 0.141093755070829,
  "auroc_ci_low": 0.8626711825546471,
  "auroc_ci_high": 0.8945890487616746,
  "reverse_complement_mean_abs_delta": 0.08853746205568314,
  "reverse_complement_flip_rate": 0.095,
  "reverse_complement_positive_prob_drop": 0.0012990832328796387,
  "reverse_complement_ece": 0.01258609084784984,
  "reverse_complement_brier": 0.1428697647754182,
  "reverse_complement_mean_abs_delta_ci_low": 0.08444340899586678,
  "reverse_complement_mean_abs_delta_ci_high": 0.09223394319415093,
  "mono_shuffle_mean_abs_delta": 0.3181535601615906,
  "mono_shuffle_flip_rate": 0.4375,
  "mono_shuffle_positive_prob_drop": 0.361956924200058,
  "mono_shuffle_ece": 0.23870038276910782,
  "mono_shuffle_brier": 0.3120158451190651,
  "mono_shuffle_mean_abs_delta_ci_low": 0.3073444224894047,
  "mono_shuffle_mean_abs_delta_ci_high": 0.32792634293437006,
  "dinuc_shuffle_mean_abs_delta": 0.19567006826400757,
  "dinuc_shuffle_flip_rate": 0.258,
  "dinuc_shuffle_positive_prob_drop": 0.14636939764022827,
  "dinuc_shuffle_ece": 0.09833834427036346,
  "dinuc_shuffle_brier": 0.2097041322955736,
  "dinuc_shuffle_mean_abs_delta_ci_low": 0.18748660422861577,
  "dinuc_shuffle_mean_abs_delta_ci_high": 0.20502512939274312
}