{
  "dataset": "human_ocr_ensembl",
  "split_scheme": "official",
  "model_family": "small_cnn_rc_aug",
  "seed": 61,
  "auroc": 0.679078,
  "accuracy": 0.6335,
  "ece": 0.022630637452006337,
  "brier": 0.22619791829122743,
  "auroc_ci_low": 0.6550134313478386,
  "auroc_ci_high": 0.7054416590298229,
  "reverse_complement_mean_abs_delta": 0.09238970279693604,
  "reverse_complement_flip_rate": 0.2275,
  "reverse_complement_positive_prob_drop": -0.00035512447357177734,
  "reverse_complement_ece": 0.02565514618158342,
  "reverse_complement_brier": 0.22315121710259825,
  "reverse_complement_mean_abs_delta_ci_low": 0.08941661603748799,
  "reverse_complement_mean_abs_delta_ci_high": 0.09565007667988538,
  "mono_shuffle_mean_abs_delta": 0.15435287356376648,
  "mono_shuffle_flip_rate": 0.3995,
  "mono_shuffle_positive_prob_drop": 0.05668598413467407,
  "mono_shuffle_ece": 0.08914850016683341,
  "mono_shuffle_brier": 0.2610111499470793,
  "mono_shuffle_mean_abs_delta_ci_low": 0.14905662201344966,
  "mono_shuffle_mean_abs_delta_ci_high": 0.1587000910192728,
  "dinuc_shuffle_mean_abs_delta": 0.144033282995224,
  "dinuc_shuffle_flip_rate": 0.371,
  "dinuc_shuffle_positive_prob_drop": 0.010977029800415039,
  "dinuc_shuffle_ece": 0.058347066655755044,
  "dinuc_shuffle_brier": 0.2520200748199208,
  "dinuc_shuffle_mean_abs_delta_ci_low": 0.1393204752355814,
  "dinuc_shuffle_mean_abs_delta_ci_high": 0.14928987845778466
}