{
  "dataset": "human_enhancers_ensembl",
  "split_scheme": "official",
  "model_family": "small_cnn",
  "seed": 49,
  "auroc": 0.8031159999999999,
  "accuracy": 0.715,
  "ece": 0.06568722237646578,
  "brier": 0.18596536054669174,
  "auroc_ci_low": 0.784346302215849,
  "auroc_ci_high": 0.8221705724428211,
  "reverse_complement_mean_abs_delta": 0.07946696132421494,
  "reverse_complement_flip_rate": 0.1235,
  "reverse_complement_positive_prob_drop": -0.0020592212677001953,
  "reverse_complement_ece": 0.06691827233135701,
  "reverse_complement_brier": 0.18785783362799988,
  "reverse_complement_mean_abs_delta_ci_low": 0.07691785767674446,
  "reverse_complement_mean_abs_delta_ci_high": 0.08247622549533844,
  "mono_shuffle_mean_abs_delta": 0.17853957414627075,
  "mono_shuffle_flip_rate": 0.3305,
  "mono_shuffle_positive_prob_drop": 0.15025073289871216,
  "mono_shuffle_ece": 0.08713908085599541,
  "mono_shuffle_brier": 0.2423086345229878,
  "mono_shuffle_mean_abs_delta_ci_low": 0.17304092571139335,
  "mono_shuffle_mean_abs_delta_ci_high": 0.18420596309006215,
  "dinuc_shuffle_mean_abs_delta": 0.14095856249332428,
  "dinuc_shuffle_flip_rate": 0.2505,
  "dinuc_shuffle_positive_prob_drop": 0.06428396701812744,
  "dinuc_shuffle_ece": 0.04547740106657147,
  "dinuc_shuffle_brier": 0.21562969960635733,
  "dinuc_shuffle_mean_abs_delta_ci_low": 0.13561465442180634,
  "dinuc_shuffle_mean_abs_delta_ci_high": 0.14575533606112004
}