{
  "dataset": "human_ocr_ensembl",
  "split_scheme": "chromosome_holdout",
  "model_family": "kmer_logistic_regression",
  "seed": 42,
  "auroc": 0.6580280000000001,
  "accuracy": 0.619,
  "ece": 0.30093998013426226,
  "brier": 0.3287384166718749,
  "auroc_ci_low": 0.6357941281999309,
  "auroc_ci_high": 0.6817591579271028,
  "reverse_complement_mean_abs_delta": 0.3759628658443416,
  "reverse_complement_flip_rate": 0.3925,
  "reverse_complement_positive_prob_drop": -0.0034628596502424003,
  "reverse_complement_ece": 0.2933885483708708,
  "reverse_complement_brier": 0.32081282731109934,
  "reverse_complement_mean_abs_delta_ci_low": 0.35760046837231607,
  "reverse_complement_mean_abs_delta_ci_high": 0.3931093692401061,
  "mono_shuffle_mean_abs_delta": 0.48599511083647473,
  "mono_shuffle_flip_rate": 0.502,
  "mono_shuffle_positive_prob_drop": 0.333035704034467,
  "mono_shuffle_ece": 0.4285864293646693,
  "mono_shuffle_brier": 0.44967671331968606,
  "mono_shuffle_mean_abs_delta_ci_low": 0.46900387009985434,
  "mono_shuffle_mean_abs_delta_ci_high": 0.5044454744458634,
  "dinuc_shuffle_mean_abs_delta": 0.4388659416303533,
  "dinuc_shuffle_flip_rate": 0.468,
  "dinuc_shuffle_positive_prob_drop": 0.1096015731931026,
  "dinuc_shuffle_ece": 0.37682438024394876,
  "dinuc_shuffle_brier": 0.4025743030224254,
  "dinuc_shuffle_mean_abs_delta_ci_low": 0.42401256333952714,
  "dinuc_shuffle_mean_abs_delta_ci_high": 0.45361892837126283
}