{
  "dataset": "human_ocr_ensembl",
  "split_scheme": "official",
  "model_family": "kmer_logistic_regression",
  "seed": 42,
  "auroc": 0.650458,
  "accuracy": 0.619,
  "ece": 0.2963202469797955,
  "brier": 0.3305716614378323,
  "auroc_ci_low": 0.6180978690335825,
  "auroc_ci_high": 0.6753756822938989,
  "reverse_complement_mean_abs_delta": 0.38000954360719724,
  "reverse_complement_flip_rate": 0.3935,
  "reverse_complement_positive_prob_drop": -0.00542196909118986,
  "reverse_complement_ece": 0.30472638001037067,
  "reverse_complement_brier": 0.3317620140051169,
  "reverse_complement_mean_abs_delta_ci_low": 0.3641097235353567,
  "reverse_complement_mean_abs_delta_ci_high": 0.3941593027174326,
  "mono_shuffle_mean_abs_delta": 0.4640316398874735,
  "mono_shuffle_flip_rate": 0.489,
  "mono_shuffle_positive_prob_drop": 0.22693885716273,
  "mono_shuffle_ece": 0.4338034704628794,
  "mono_shuffle_brier": 0.4484389255950459,
  "mono_shuffle_mean_abs_delta_ci_low": 0.4460524368583602,
  "mono_shuffle_mean_abs_delta_ci_high": 0.4793607491548829,
  "dinuc_shuffle_mean_abs_delta": 0.45615786107805795,
  "dinuc_shuffle_flip_rate": 0.4815,
  "dinuc_shuffle_positive_prob_drop": 0.06209043003223824,
  "dinuc_shuffle_ece": 0.3801504468016909,
  "dinuc_shuffle_brier": 0.4031048834780595,
  "dinuc_shuffle_mean_abs_delta_ci_low": 0.4398696538092966,
  "dinuc_shuffle_mean_abs_delta_ci_high": 0.4729067173447449
}