{
  "dataset": "human_nontata_promoters",
  "split_scheme": "official",
  "model_family": "small_cnn_rc_aug",
  "seed": 49,
  "auroc": 0.8566509999999999,
  "accuracy": 0.797,
  "ece": 0.05546052797138692,
  "brier": 0.1483173579391307,
  "auroc_ci_low": 0.8390903245253286,
  "auroc_ci_high": 0.873788880574867,
  "reverse_complement_mean_abs_delta": 0.03044741414487362,
  "reverse_complement_flip_rate": 0.0335,
  "reverse_complement_positive_prob_drop": -0.0001049041748046875,
  "reverse_complement_ece": 0.05433173678815364,
  "reverse_complement_brier": 0.1481951320517176,
  "reverse_complement_mean_abs_delta_ci_low": 0.02903036386705935,
  "reverse_complement_mean_abs_delta_ci_high": 0.03209188347682357,
  "mono_shuffle_mean_abs_delta": 0.1721305102109909,
  "mono_shuffle_flip_rate": 0.2575,
  "mono_shuffle_positive_prob_drop": -0.037255942821502686,
  "mono_shuffle_ece": 0.18168570291996003,
  "mono_shuffle_brier": 0.24240463640488843,
  "mono_shuffle_mean_abs_delta_ci_low": 0.16480607651174067,
  "mono_shuffle_mean_abs_delta_ci_high": 0.17966574057936668,
  "dinuc_shuffle_mean_abs_delta": 0.07822645455598831,
  "dinuc_shuffle_flip_rate": 0.0975,
  "dinuc_shuffle_positive_prob_drop": 0.043071091175079346,
  "dinuc_shuffle_ece": 0.036464574463665494,
  "dinuc_shuffle_brier": 0.16235781550452205,
  "dinuc_shuffle_mean_abs_delta_ci_low": 0.07468274198472499,
  "dinuc_shuffle_mean_abs_delta_ci_high": 0.08309446442872286
}