{
  "dataset": "human_ocr_ensembl",
  "split_scheme": "official",
  "model_family": "small_cnn_rc_aug",
  "seed": 23,
  "auroc": 0.6852929999999999,
  "accuracy": 0.626,
  "ece": 0.0564125258475542,
  "brier": 0.22783232572654044,
  "auroc_ci_low": 0.6633726883726885,
  "auroc_ci_high": 0.7078489006130302,
  "reverse_complement_mean_abs_delta": 0.07027062773704529,
  "reverse_complement_flip_rate": 0.1995,
  "reverse_complement_positive_prob_drop": 0.001072704792022705,
  "reverse_complement_ece": 0.05740032444149256,
  "reverse_complement_brier": 0.22844303908296393,
  "reverse_complement_mean_abs_delta_ci_low": 0.06758776567876339,
  "reverse_complement_mean_abs_delta_ci_high": 0.07244210317730904,
  "mono_shuffle_mean_abs_delta": 0.11604577302932739,
  "mono_shuffle_flip_rate": 0.3555,
  "mono_shuffle_positive_prob_drop": 0.054528653621673584,
  "mono_shuffle_ece": 0.05174523919820786,
  "mono_shuffle_brier": 0.2515183570261041,
  "mono_shuffle_mean_abs_delta_ci_low": 0.1123097401112318,
  "mono_shuffle_mean_abs_delta_ci_high": 0.1200228463858366,
  "dinuc_shuffle_mean_abs_delta": 0.10690218210220337,
  "dinuc_shuffle_flip_rate": 0.306,
  "dinuc_shuffle_positive_prob_drop": 0.010326027870178223,
  "dinuc_shuffle_ece": 0.07140697913616893,
  "dinuc_shuffle_brier": 0.24987950812920376,
  "dinuc_shuffle_mean_abs_delta_ci_low": 0.10346760638058186,
  "dinuc_shuffle_mean_abs_delta_ci_high": 0.11083855517208577
}