{
  "dataset": "human_nontata_promoters",
  "split_scheme": "official",
  "model_family": "small_cnn",
  "seed": 61,
  "auroc": 0.838899,
  "accuracy": 0.791,
  "ece": 0.02611115412414074,
  "brier": 0.15583376038909236,
  "auroc_ci_low": 0.8173640143405676,
  "auroc_ci_high": 0.8567296263063591,
  "reverse_complement_mean_abs_delta": 0.05227221921086311,
  "reverse_complement_flip_rate": 0.0685,
  "reverse_complement_positive_prob_drop": 0.011922717094421387,
  "reverse_complement_ece": 0.02261607292294502,
  "reverse_complement_brier": 0.1621736725283696,
  "reverse_complement_mean_abs_delta_ci_low": 0.04913123594596982,
  "reverse_complement_mean_abs_delta_ci_high": 0.054936337657272814,
  "mono_shuffle_mean_abs_delta": 0.11317084729671478,
  "mono_shuffle_flip_rate": 0.162,
  "mono_shuffle_positive_prob_drop": 0.02646571397781372,
  "mono_shuffle_ece": 0.051985798932611946,
  "mono_shuffle_brier": 0.19841113924304238,
  "mono_shuffle_mean_abs_delta_ci_low": 0.10850460175424814,
  "mono_shuffle_mean_abs_delta_ci_high": 0.11883654017001391,
  "dinuc_shuffle_mean_abs_delta": 0.0775662362575531,
  "dinuc_shuffle_flip_rate": 0.102,
  "dinuc_shuffle_positive_prob_drop": 0.05702894926071167,
  "dinuc_shuffle_ece": 0.05043762497603891,
  "dinuc_shuffle_brier": 0.1735337265830118,
  "dinuc_shuffle_mean_abs_delta_ci_low": 0.07316491156816482,
  "dinuc_shuffle_mean_abs_delta_ci_high": 0.0825533203780651
}