{
  "dataset": "human_nontata_promoters",
  "split_scheme": "official",
  "model_family": "dnabert2_embedding_logistic",
  "seed": 42,
  "auroc": 0.887888,
  "accuracy": 0.828,
  "ece": 0.04200156266629936,
  "brier": 0.1279405383264637,
  "auroc_ci_low": 0.8674217274357443,
  "auroc_ci_high": 0.9074591094231205,
  "reverse_complement_mean_abs_delta": 0.07773493179297242,
  "reverse_complement_flip_rate": 0.073,
  "reverse_complement_positive_prob_drop": 0.013158358101926226,
  "reverse_complement_ece": 0.023014953267780865,
  "reverse_complement_brier": 0.13754911454913674,
  "reverse_complement_mean_abs_delta_ci_low": 0.07272396392952686,
  "reverse_complement_mean_abs_delta_ci_high": 0.08297602490883967,
  "mono_shuffle_mean_abs_delta": 0.25189766874996633,
  "mono_shuffle_flip_rate": 0.41,
  "mono_shuffle_positive_prob_drop": -0.0538831078698363,
  "mono_shuffle_ece": 0.2066633586105877,
  "mono_shuffle_brier": 0.2531633154895259,
  "mono_shuffle_mean_abs_delta_ci_low": 0.2404412146980294,
  "mono_shuffle_mean_abs_delta_ci_high": 0.2652613700061238,
  "dinuc_shuffle_mean_abs_delta": 0.10011484187646953,
  "dinuc_shuffle_flip_rate": 0.099,
  "dinuc_shuffle_positive_prob_drop": 0.003854169370663185,
  "dinuc_shuffle_ece": 0.06821287402172475,
  "dinuc_shuffle_brier": 0.15751223648564408,
  "dinuc_shuffle_mean_abs_delta_ci_low": 0.09352560587715682,
  "dinuc_shuffle_mean_abs_delta_ci_high": 0.10705933988516642
}