{
  "dataset": "human_enhancers_ensembl",
  "split_scheme": "official",
  "model_family": "small_cnn",
  "seed": 61,
  "auroc": 0.810695,
  "accuracy": 0.733,
  "ece": 0.023687989491969343,
  "brier": 0.17785326726091974,
  "auroc_ci_low": 0.7922695463378708,
  "auroc_ci_high": 0.8329262413787586,
  "reverse_complement_mean_abs_delta": 0.19919557869434357,
  "reverse_complement_flip_rate": 0.2935,
  "reverse_complement_positive_prob_drop": 0.004594743251800537,
  "reverse_complement_ece": 0.024835646882653252,
  "reverse_complement_brier": 0.1766509674616548,
  "reverse_complement_mean_abs_delta_ci_low": 0.19187534749507903,
  "reverse_complement_mean_abs_delta_ci_high": 0.20680287182331086,
  "mono_shuffle_mean_abs_delta": 0.23978954553604126,
  "mono_shuffle_flip_rate": 0.386,
  "mono_shuffle_positive_prob_drop": 0.23219922184944153,
  "mono_shuffle_ece": 0.18098444575816391,
  "mono_shuffle_brier": 0.28070250231015453,
  "mono_shuffle_mean_abs_delta_ci_low": 0.2318187616765499,
  "mono_shuffle_mean_abs_delta_ci_high": 0.2481273464858532,
  "dinuc_shuffle_mean_abs_delta": 0.1498885452747345,
  "dinuc_shuffle_flip_rate": 0.251,
  "dinuc_shuffle_positive_prob_drop": 0.09261155128479004,
  "dinuc_shuffle_ece": 0.07939567852020263,
  "dinuc_shuffle_brier": 0.21888340248124108,
  "dinuc_shuffle_mean_abs_delta_ci_low": 0.14393445067107677,
  "dinuc_shuffle_mean_abs_delta_ci_high": 0.15577497147023678
}