{
  "dataset": "human_enhancers_ensembl",
  "split_scheme": "official",
  "model_family": "small_cnn_rc_aug",
  "seed": 23,
  "auroc": 0.8818320000000002,
  "accuracy": 0.79,
  "ece": 0.0737552784215659,
  "brier": 0.1464257394989139,
  "auroc_ci_low": 0.8662857535172703,
  "auroc_ci_high": 0.8992023807416536,
  "reverse_complement_mean_abs_delta": 0.07022546976804733,
  "reverse_complement_flip_rate": 0.081,
  "reverse_complement_positive_prob_drop": 0.0016127228736877441,
  "reverse_complement_ece": 0.0751889055967331,
  "reverse_complement_brier": 0.14866999779325266,
  "reverse_complement_mean_abs_delta_ci_low": 0.06691318023949862,
  "reverse_complement_mean_abs_delta_ci_high": 0.07392264697700739,
  "mono_shuffle_mean_abs_delta": 0.32294100522994995,
  "mono_shuffle_flip_rate": 0.426,
  "mono_shuffle_positive_prob_drop": 0.332943320274353,
  "mono_shuffle_ece": 0.19492550132423636,
  "mono_shuffle_brier": 0.2903763435975155,
  "mono_shuffle_mean_abs_delta_ci_low": 0.3127651482820511,
  "mono_shuffle_mean_abs_delta_ci_high": 0.334148720651865,
  "dinuc_shuffle_mean_abs_delta": 0.18479706346988678,
  "dinuc_shuffle_flip_rate": 0.2285,
  "dinuc_shuffle_positive_prob_drop": 0.1271674633026123,
  "dinuc_shuffle_ece": 0.0784868353996426,
  "dinuc_shuffle_brier": 0.20254762947006952,
  "dinuc_shuffle_mean_abs_delta_ci_low": 0.1766573369503021,
  "dinuc_shuffle_mean_abs_delta_ci_high": 0.1919195719063282
}