{
  "dataset": "human_enhancers_ensembl",
  "split_scheme": "official",
  "model_family": "small_cnn_rc_aug",
  "seed": 37,
  "auroc": 0.828672,
  "accuracy": 0.74,
  "ece": 0.026003088891506185,
  "brier": 0.16959471715021993,
  "auroc_ci_low": 0.8097807936761202,
  "auroc_ci_high": 0.843152106104155,
  "reverse_complement_mean_abs_delta": 0.15417055785655975,
  "reverse_complement_flip_rate": 0.206,
  "reverse_complement_positive_prob_drop": 0.000978708267211914,
  "reverse_complement_ece": 0.02371174797601999,
  "reverse_complement_brier": 0.16626595125839186,
  "reverse_complement_mean_abs_delta_ci_low": 0.14827590435743332,
  "reverse_complement_mean_abs_delta_ci_high": 0.1594322260469198,
  "mono_shuffle_mean_abs_delta": 0.24663406610488892,
  "mono_shuffle_flip_rate": 0.3635,
  "mono_shuffle_positive_prob_drop": 0.2375929057598114,
  "mono_shuffle_ece": 0.17341857671737673,
  "mono_shuffle_brier": 0.27423810305237306,
  "mono_shuffle_mean_abs_delta_ci_low": 0.23760443106293677,
  "mono_shuffle_mean_abs_delta_ci_high": 0.2545114912092686,
  "dinuc_shuffle_mean_abs_delta": 0.1810876876115799,
  "dinuc_shuffle_flip_rate": 0.269,
  "dinuc_shuffle_positive_prob_drop": 0.08820855617523193,
  "dinuc_shuffle_ece": 0.0690640390366316,
  "dinuc_shuffle_brier": 0.21539561011276398,
  "dinuc_shuffle_mean_abs_delta_ci_low": 0.17389891743659974,
  "dinuc_shuffle_mean_abs_delta_ci_high": 0.18915923051536082
}