{
  "dataset": "human_nontata_promoters",
  "split_scheme": "official",
  "model_family": "small_cnn_rc_aug",
  "seed": 37,
  "auroc": 0.865464,
  "accuracy": 0.791,
  "ece": 0.07201950966566802,
  "brier": 0.14834370223861146,
  "auroc_ci_low": 0.8470479660069266,
  "auroc_ci_high": 0.8804208793590099,
  "reverse_complement_mean_abs_delta": 0.03363810107111931,
  "reverse_complement_flip_rate": 0.042,
  "reverse_complement_positive_prob_drop": 3.254413604736328e-05,
  "reverse_complement_ece": 0.07167739839851858,
  "reverse_complement_brier": 0.14830395881953,
  "reverse_complement_mean_abs_delta_ci_low": 0.03152327844873071,
  "reverse_complement_mean_abs_delta_ci_high": 0.03581837471574545,
  "mono_shuffle_mean_abs_delta": 0.23921433091163635,
  "mono_shuffle_flip_rate": 0.33,
  "mono_shuffle_positive_prob_drop": -0.08896946907043457,
  "mono_shuffle_ece": 0.28746540102362633,
  "mono_shuffle_brier": 0.3056255875621058,
  "mono_shuffle_mean_abs_delta_ci_low": 0.2303584825247526,
  "mono_shuffle_mean_abs_delta_ci_high": 0.24941457957029342,
  "dinuc_shuffle_mean_abs_delta": 0.09485384821891785,
  "dinuc_shuffle_flip_rate": 0.1185,
  "dinuc_shuffle_positive_prob_drop": 0.021429836750030518,
  "dinuc_shuffle_ece": 0.07804731453210116,
  "dinuc_shuffle_brier": 0.17302239544157125,
  "dinuc_shuffle_mean_abs_delta_ci_low": 0.09018339924514295,
  "dinuc_shuffle_mean_abs_delta_ci_high": 0.10028757248073816
}