{
  "dataset": "human_enhancers_cohn",
  "split_scheme": "official",
  "model_family": "small_cnn_rc_aug",
  "seed": 11,
  "auroc": 0.7598119999999999,
  "accuracy": 0.669,
  "ece": 0.07587587839365005,
  "brier": 0.20490926429873615,
  "auroc_ci_low": 0.739810935564414,
  "auroc_ci_high": 0.7781182281397869,
  "reverse_complement_mean_abs_delta": 0.023639610037207603,
  "reverse_complement_flip_rate": 0.0505,
  "reverse_complement_positive_prob_drop": -0.0008789300918579102,
  "reverse_complement_ece": 0.07712667519599199,
  "reverse_complement_brier": 0.2057600105403554,
  "reverse_complement_mean_abs_delta_ci_low": 0.022750982735306024,
  "reverse_complement_mean_abs_delta_ci_high": 0.02450654045678675,
  "mono_shuffle_mean_abs_delta": 0.07953833788633347,
  "mono_shuffle_flip_rate": 0.152,
  "mono_shuffle_positive_prob_drop": 0.0016092658042907715,
  "mono_shuffle_ece": 0.08330302566289903,
  "mono_shuffle_brier": 0.21747833463022628,
  "mono_shuffle_mean_abs_delta_ci_low": 0.07641724348068238,
  "mono_shuffle_mean_abs_delta_ci_high": 0.08255622442811728,
  "dinuc_shuffle_mean_abs_delta": 0.07120681554079056,
  "dinuc_shuffle_flip_rate": 0.134,
  "dinuc_shuffle_positive_prob_drop": 0.005721747875213623,
  "dinuc_shuffle_ece": 0.07556646660715341,
  "dinuc_shuffle_brier": 0.21011349873464644,
  "dinuc_shuffle_mean_abs_delta_ci_low": 0.06842463463544846,
  "dinuc_shuffle_mean_abs_delta_ci_high": 0.07396478261798621
}