{
  "dataset": "human_enhancers_cohn",
  "split_scheme": "official",
  "model_family": "small_cnn",
  "seed": 11,
  "auroc": 0.7522255,
  "accuracy": 0.684,
  "ece": 0.0358702639490366,
  "brier": 0.20231690612263742,
  "auroc_ci_low": 0.7331493665255978,
  "auroc_ci_high": 0.7699496825791828,
  "reverse_complement_mean_abs_delta": 0.031228233128786087,
  "reverse_complement_flip_rate": 0.06,
  "reverse_complement_positive_prob_drop": 0.002115309238433838,
  "reverse_complement_ece": 0.025899808943271634,
  "reverse_complement_brier": 0.20294827390716608,
  "reverse_complement_mean_abs_delta_ci_low": 0.03008525539189577,
  "reverse_complement_mean_abs_delta_ci_high": 0.0322267971932888,
  "mono_shuffle_mean_abs_delta": 0.07557502388954163,
  "mono_shuffle_flip_rate": 0.152,
  "mono_shuffle_positive_prob_drop": 0.008364737033843994,
  "mono_shuffle_ece": 0.017340884760022168,
  "mono_shuffle_brier": 0.20961656373538778,
  "mono_shuffle_mean_abs_delta_ci_low": 0.07241323906928301,
  "mono_shuffle_mean_abs_delta_ci_high": 0.07805712949484588,
  "dinuc_shuffle_mean_abs_delta": 0.0704205185174942,
  "dinuc_shuffle_flip_rate": 0.146,
  "dinuc_shuffle_positive_prob_drop": 0.002044677734375,
  "dinuc_shuffle_ece": 0.019454872757196418,
  "dinuc_shuffle_brier": 0.20654196074063094,
  "dinuc_shuffle_mean_abs_delta_ci_low": 0.06769550703465939,
  "dinuc_shuffle_mean_abs_delta_ci_high": 0.07341209333389997
}