{
  "dataset": "human_enhancers_cohn",
  "split_scheme": "official",
  "model_family": "small_cnn",
  "seed": 61,
  "auroc": 0.751455,
  "accuracy": 0.638,
  "ece": 0.13445990224555135,
  "brier": 0.22201016453079542,
  "auroc_ci_low": 0.7300636034213114,
  "auroc_ci_high": 0.7682333844516805,
  "reverse_complement_mean_abs_delta": 0.03351842984557152,
  "reverse_complement_flip_rate": 0.048,
  "reverse_complement_positive_prob_drop": 0.0008516907691955566,
  "reverse_complement_ece": 0.13478958087787032,
  "reverse_complement_brier": 0.22319790030594092,
  "reverse_complement_mean_abs_delta_ci_low": 0.03219529837369919,
  "reverse_complement_mean_abs_delta_ci_high": 0.03472416149452329,
  "mono_shuffle_mean_abs_delta": 0.09505864232778549,
  "mono_shuffle_flip_rate": 0.1535,
  "mono_shuffle_positive_prob_drop": 0.019108951091766357,
  "mono_shuffle_ece": 0.1213068900257349,
  "mono_shuffle_brier": 0.22812735696197312,
  "mono_shuffle_mean_abs_delta_ci_low": 0.09199879299849271,
  "mono_shuffle_mean_abs_delta_ci_high": 0.09908400159329175,
  "dinuc_shuffle_mean_abs_delta": 0.08916029334068298,
  "dinuc_shuffle_flip_rate": 0.1445,
  "dinuc_shuffle_positive_prob_drop": 0.030636250972747803,
  "dinuc_shuffle_ece": 0.10647324937582016,
  "dinuc_shuffle_brier": 0.2208093879668062,
  "dinuc_shuffle_mean_abs_delta_ci_low": 0.08575971368700266,
  "dinuc_shuffle_mean_abs_delta_ci_high": 0.09262743201106786
}