{
  "dataset": "human_enhancers_cohn",
  "split_scheme": "official",
  "model_family": "small_cnn",
  "seed": 23,
  "auroc": 0.7515110000000002,
  "accuracy": 0.646,
  "ece": 0.09816915743052958,
  "brier": 0.21235861736473066,
  "auroc_ci_low": 0.731661648406651,
  "auroc_ci_high": 0.7726773955739601,
  "reverse_complement_mean_abs_delta": 0.054465219378471375,
  "reverse_complement_flip_rate": 0.1085,
  "reverse_complement_positive_prob_drop": 0.0023818016052246094,
  "reverse_complement_ece": 0.09412244181334974,
  "reverse_complement_brier": 0.21132146908156965,
  "reverse_complement_mean_abs_delta_ci_low": 0.052704069204628466,
  "reverse_complement_mean_abs_delta_ci_high": 0.05674390075728297,
  "mono_shuffle_mean_abs_delta": 0.0822356715798378,
  "mono_shuffle_flip_rate": 0.162,
  "mono_shuffle_positive_prob_drop": 0.015940427780151367,
  "mono_shuffle_ece": 0.08690553177893164,
  "mono_shuffle_brier": 0.21779604107516723,
  "mono_shuffle_mean_abs_delta_ci_low": 0.07895605862140656,
  "mono_shuffle_mean_abs_delta_ci_high": 0.08553525321185589,
  "dinuc_shuffle_mean_abs_delta": 0.07717125862836838,
  "dinuc_shuffle_flip_rate": 0.1525,
  "dinuc_shuffle_positive_prob_drop": 0.016002774238586426,
  "dinuc_shuffle_ece": 0.08695809981226922,
  "dinuc_shuffle_brier": 0.21593379549005134,
  "dinuc_shuffle_mean_abs_delta_ci_low": 0.07460203506052494,
  "dinuc_shuffle_mean_abs_delta_ci_high": 0.07966937385499477
}