{
  "dataset": "human_enhancers_ensembl",
  "split_scheme": "official",
  "model_family": "kmer_logistic_regression",
  "seed": 42,
  "auroc": 0.735919,
  "accuracy": 0.6725,
  "ece": 0.2457055763718007,
  "brier": 0.27349878715212367,
  "auroc_ci_low": 0.7147649942987548,
  "auroc_ci_high": 0.7520484168784171,
  "reverse_complement_mean_abs_delta": 0.34351150532202357,
  "reverse_complement_flip_rate": 0.3565,
  "reverse_complement_positive_prob_drop": -0.026710475277360146,
  "reverse_complement_ece": 0.23963432835992757,
  "reverse_complement_brier": 0.27120845404527383,
  "reverse_complement_mean_abs_delta_ci_low": 0.32912175864935544,
  "reverse_complement_mean_abs_delta_ci_high": 0.35922593946363757,
  "mono_shuffle_mean_abs_delta": 0.4271199750843948,
  "mono_shuffle_flip_rate": 0.448,
  "mono_shuffle_positive_prob_drop": 0.20287746274881718,
  "mono_shuffle_ece": 0.37736853793635267,
  "mono_shuffle_brier": 0.40434161052689416,
  "mono_shuffle_mean_abs_delta_ci_low": 0.41296826787180974,
  "mono_shuffle_mean_abs_delta_ci_high": 0.44499974304538775,
  "dinuc_shuffle_mean_abs_delta": 0.43407506838123605,
  "dinuc_shuffle_flip_rate": 0.45,
  "dinuc_shuffle_positive_prob_drop": 0.21604238270401294,
  "dinuc_shuffle_ece": 0.35755910596614593,
  "dinuc_shuffle_brier": 0.38740719893206055,
  "dinuc_shuffle_mean_abs_delta_ci_low": 0.41561096655046925,
  "dinuc_shuffle_mean_abs_delta_ci_high": 0.44890905374014184
}