{
  "dataset": "human_nontata_promoters",
  "split_scheme": "official",
  "model_family": "small_cnn",
  "seed": 23,
  "auroc": 0.830003,
  "accuracy": 0.77,
  "ece": 0.055949070267379275,
  "brier": 0.16447054645822434,
  "auroc_ci_low": 0.811302017750861,
  "auroc_ci_high": 0.8460042821202002,
  "reverse_complement_mean_abs_delta": 0.05585286021232605,
  "reverse_complement_flip_rate": 0.0745,
  "reverse_complement_positive_prob_drop": 0.007703840732574463,
  "reverse_complement_ece": 0.051624457269907,
  "reverse_complement_brier": 0.17038115311757435,
  "reverse_complement_mean_abs_delta_ci_low": 0.05250707753002644,
  "reverse_complement_mean_abs_delta_ci_high": 0.05903249308466912,
  "mono_shuffle_mean_abs_delta": 0.10829637199640274,
  "mono_shuffle_flip_rate": 0.1465,
  "mono_shuffle_positive_prob_drop": 0.010505378246307373,
  "mono_shuffle_ece": 0.10047840932756663,
  "mono_shuffle_brier": 0.2110516817536116,
  "mono_shuffle_mean_abs_delta_ci_low": 0.1019070390611887,
  "mono_shuffle_mean_abs_delta_ci_high": 0.11397022288292646,
  "dinuc_shuffle_mean_abs_delta": 0.07600457966327667,
  "dinuc_shuffle_flip_rate": 0.0985,
  "dinuc_shuffle_positive_prob_drop": 0.0416637659072876,
  "dinuc_shuffle_ece": 0.034746922276914116,
  "dinuc_shuffle_brier": 0.17260725024490664,
  "dinuc_shuffle_mean_abs_delta_ci_low": 0.0701004832983017,
  "dinuc_shuffle_mean_abs_delta_ci_high": 0.0806532884016633
}