{
  "dataset": "human_enhancers_cohn",
  "split_scheme": "official",
  "model_family": "small_cnn",
  "seed": 37,
  "auroc": 0.7478389999999999,
  "accuracy": 0.683,
  "ece": 0.033682908296585067,
  "brier": 0.2050158158397009,
  "auroc_ci_low": 0.7247184025595906,
  "auroc_ci_high": 0.7667388508267459,
  "reverse_complement_mean_abs_delta": 0.017635630443692207,
  "reverse_complement_flip_rate": 0.044,
  "reverse_complement_positive_prob_drop": 0.00011742115020751953,
  "reverse_complement_ece": 0.03305299931019544,
  "reverse_complement_brier": 0.20516180181063823,
  "reverse_complement_mean_abs_delta_ci_low": 0.017041275417432188,
  "reverse_complement_mean_abs_delta_ci_high": 0.01828117803670466,
  "mono_shuffle_mean_abs_delta": 0.06919325143098831,
  "mono_shuffle_flip_rate": 0.151,
  "mono_shuffle_positive_prob_drop": -0.0035392045974731445,
  "mono_shuffle_ece": 0.03047183855623006,
  "mono_shuffle_brier": 0.2099088239324928,
  "mono_shuffle_mean_abs_delta_ci_low": 0.06681386046111584,
  "mono_shuffle_mean_abs_delta_ci_high": 0.07158305328339339,
  "dinuc_shuffle_mean_abs_delta": 0.06655090302228928,
  "dinuc_shuffle_flip_rate": 0.1415,
  "dinuc_shuffle_positive_prob_drop": 0.004684329032897949,
  "dinuc_shuffle_ece": 0.038049005657434465,
  "dinuc_shuffle_brier": 0.2088068578693771,
  "dinuc_shuffle_mean_abs_delta_ci_low": 0.06428568102419377,
  "dinuc_shuffle_mean_abs_delta_ci_high": 0.06909645050764084
}