{
  "dataset": "human_nontata_promoters",
  "split_scheme": "official",
  "model_family": "kmer_logistic_regression",
  "seed": 42,
  "auroc": 0.8984909999999999,
  "accuracy": 0.8375,
  "ece": 0.11021763882157634,
  "brier": 0.133432542662848,
  "auroc_ci_low": 0.8845979386187862,
  "auroc_ci_high": 0.9091683111225309,
  "reverse_complement_mean_abs_delta": 0.2634432589752333,
  "reverse_complement_flip_rate": 0.268,
  "reverse_complement_positive_prob_drop": 0.016821844045070478,
  "reverse_complement_ece": 0.21510440474419648,
  "reverse_complement_brier": 0.2294116046854706,
  "reverse_complement_mean_abs_delta_ci_low": 0.24761250217672875,
  "reverse_complement_mean_abs_delta_ci_high": 0.276742179471956,
  "mono_shuffle_mean_abs_delta": 0.39074440448116765,
  "mono_shuffle_flip_rate": 0.405,
  "mono_shuffle_positive_prob_drop": -0.0026594560109637344,
  "mono_shuffle_ece": 0.32857999538349103,
  "mono_shuffle_brier": 0.34482873612730447,
  "mono_shuffle_mean_abs_delta_ci_low": 0.3749430675906031,
  "mono_shuffle_mean_abs_delta_ci_high": 0.40819405294024286,
  "dinuc_shuffle_mean_abs_delta": 0.316267987338407,
  "dinuc_shuffle_flip_rate": 0.3215,
  "dinuc_shuffle_positive_prob_drop": 0.05756357690093383,
  "dinuc_shuffle_ece": 0.23646726305594276,
  "dinuc_shuffle_brier": 0.26154245677835103,
  "dinuc_shuffle_mean_abs_delta_ci_low": 0.29988277782619016,
  "dinuc_shuffle_mean_abs_delta_ci_high": 0.33176406655922236
}