{
  "dataset": "human_enhancers_ensembl",
  "split_scheme": "official",
  "model_family": "small_cnn_rc_aug",
  "seed": 11,
  "auroc": 0.8702700000000001,
  "accuracy": 0.7895,
  "ece": 0.039636336013674736,
  "brier": 0.14815884266224744,
  "auroc_ci_low": 0.8570619371510186,
  "auroc_ci_high": 0.8866772799409948,
  "reverse_complement_mean_abs_delta": 0.11162501573562622,
  "reverse_complement_flip_rate": 0.1325,
  "reverse_complement_positive_prob_drop": 0.006524205207824707,
  "reverse_complement_ece": 0.037553463548421845,
  "reverse_complement_brier": 0.14886985956468246,
  "reverse_complement_mean_abs_delta_ci_low": 0.10625761076807975,
  "reverse_complement_mean_abs_delta_ci_high": 0.11567321699112654,
  "mono_shuffle_mean_abs_delta": 0.30593523383140564,
  "mono_shuffle_flip_rate": 0.433,
  "mono_shuffle_positive_prob_drop": 0.309699684381485,
  "mono_shuffle_ece": 0.1896700099892914,
  "mono_shuffle_brier": 0.28626468386231285,
  "mono_shuffle_mean_abs_delta_ci_low": 0.29522854536771775,
  "mono_shuffle_mean_abs_delta_ci_high": 0.316144148260355,
  "dinuc_shuffle_mean_abs_delta": 0.1902884691953659,
  "dinuc_shuffle_flip_rate": 0.248,
  "dinuc_shuffle_positive_prob_drop": 0.10390692949295044,
  "dinuc_shuffle_ece": 0.06696405992470682,
  "dinuc_shuffle_brier": 0.20465611509276638,
  "dinuc_shuffle_mean_abs_delta_ci_low": 0.18166751451790333,
  "dinuc_shuffle_mean_abs_delta_ci_high": 0.19924977533519267
}