{
  "dataset": "human_enhancers_ensembl",
  "split_scheme": "chromosome_holdout",
  "model_family": "kmer_logistic_regression",
  "seed": 42,
  "auroc": 0.738554,
  "accuracy": 0.6845,
  "ece": 0.23504995393520153,
  "brier": 0.2696101398755591,
  "auroc_ci_low": 0.7164853768496462,
  "auroc_ci_high": 0.7572965072559233,
  "reverse_complement_mean_abs_delta": 0.3401164750413482,
  "reverse_complement_flip_rate": 0.353,
  "reverse_complement_positive_prob_drop": -0.008540920993466927,
  "reverse_complement_ece": 0.25238945874265767,
  "reverse_complement_brier": 0.2785447906080766,
  "reverse_complement_mean_abs_delta_ci_low": 0.3240578532700197,
  "reverse_complement_mean_abs_delta_ci_high": 0.35436236668257776,
  "mono_shuffle_mean_abs_delta": 0.4213551746378739,
  "mono_shuffle_flip_rate": 0.438,
  "mono_shuffle_positive_prob_drop": 0.12491325319174773,
  "mono_shuffle_ece": 0.36303809960762623,
  "mono_shuffle_brier": 0.3887649736029072,
  "mono_shuffle_mean_abs_delta_ci_low": 0.4027694532967571,
  "mono_shuffle_mean_abs_delta_ci_high": 0.434204363743351,
  "dinuc_shuffle_mean_abs_delta": 0.41299849631528524,
  "dinuc_shuffle_flip_rate": 0.4315,
  "dinuc_shuffle_positive_prob_drop": 0.17489367799883965,
  "dinuc_shuffle_ece": 0.3396071807130102,
  "dinuc_shuffle_brier": 0.36559830103059926,
  "dinuc_shuffle_mean_abs_delta_ci_low": 0.3986370239915157,
  "dinuc_shuffle_mean_abs_delta_ci_high": 0.4302987348192449
}