{
  "dataset": "human_enhancers_cohn",
  "split_scheme": "official",
  "model_family": "small_cnn_rc_aug",
  "seed": 49,
  "auroc": 0.760744,
  "accuracy": 0.6765,
  "ece": 0.04798917300254106,
  "brier": 0.20138597051881624,
  "auroc_ci_low": 0.7361758839460728,
  "auroc_ci_high": 0.7843349167567336,
  "reverse_complement_mean_abs_delta": 0.024249110370874405,
  "reverse_complement_flip_rate": 0.056,
  "reverse_complement_positive_prob_drop": 0.0005320310592651367,
  "reverse_complement_ece": 0.048350456126034266,
  "reverse_complement_brier": 0.2026029188460529,
  "reverse_complement_mean_abs_delta_ci_low": 0.023517402494326232,
  "reverse_complement_mean_abs_delta_ci_high": 0.02498639258556068,
  "mono_shuffle_mean_abs_delta": 0.0858110636472702,
  "mono_shuffle_flip_rate": 0.1635,
  "mono_shuffle_positive_prob_drop": -0.009372174739837646,
  "mono_shuffle_ece": 0.07205807537585496,
  "mono_shuffle_brier": 0.2126053110774113,
  "mono_shuffle_mean_abs_delta_ci_low": 0.08226549942046404,
  "mono_shuffle_mean_abs_delta_ci_high": 0.08923700414597988,
  "dinuc_shuffle_mean_abs_delta": 0.08141904324293137,
  "dinuc_shuffle_flip_rate": 0.1555,
  "dinuc_shuffle_positive_prob_drop": 0.023258566856384277,
  "dinuc_shuffle_ece": 0.042069090172648455,
  "dinuc_shuffle_brier": 0.20799981575713203,
  "dinuc_shuffle_mean_abs_delta_ci_low": 0.07838148437440395,
  "dinuc_shuffle_mean_abs_delta_ci_high": 0.08410487975925207
}