{
  "dataset": "human_nontata_promoters",
  "split_scheme": "official",
  "model_family": "small_cnn",
  "seed": 49,
  "auroc": 0.8367580000000001,
  "accuracy": 0.777,
  "ece": 0.0512306905090809,
  "brier": 0.15916237000825492,
  "auroc_ci_low": 0.8187412539886207,
  "auroc_ci_high": 0.8558384449402974,
  "reverse_complement_mean_abs_delta": 0.04721103236079216,
  "reverse_complement_flip_rate": 0.056,
  "reverse_complement_positive_prob_drop": 0.006741225719451904,
  "reverse_complement_ece": 0.05847069561481476,
  "reverse_complement_brier": 0.16550893559808288,
  "reverse_complement_mean_abs_delta_ci_low": 0.04525818191468716,
  "reverse_complement_mean_abs_delta_ci_high": 0.05030440632253885,
  "mono_shuffle_mean_abs_delta": 0.13144730031490326,
  "mono_shuffle_flip_rate": 0.182,
  "mono_shuffle_positive_prob_drop": -0.011479198932647705,
  "mono_shuffle_ece": 0.13517506089806558,
  "mono_shuffle_brier": 0.21956433034084696,
  "mono_shuffle_mean_abs_delta_ci_low": 0.12502199597656727,
  "mono_shuffle_mean_abs_delta_ci_high": 0.13755293227732182,
  "dinuc_shuffle_mean_abs_delta": 0.07733908295631409,
  "dinuc_shuffle_flip_rate": 0.1005,
  "dinuc_shuffle_positive_prob_drop": 0.047554850578308105,
  "dinuc_shuffle_ece": 0.03809730336815119,
  "dinuc_shuffle_brier": 0.17040960980290706,
  "dinuc_shuffle_mean_abs_delta_ci_low": 0.0729973478242755,
  "dinuc_shuffle_mean_abs_delta_ci_high": 0.08184054978191853
}