{
  "dataset": "human_nontata_promoters",
  "split_scheme": "chromosome_holdout",
  "model_family": "kmer_logistic_regression",
  "seed": 42,
  "auroc": 0.840146,
  "accuracy": 0.765,
  "ece": 0.18240232641529702,
  "brier": 0.204125378280776,
  "auroc_ci_low": 0.8232092342793089,
  "auroc_ci_high": 0.8600784452683561,
  "reverse_complement_mean_abs_delta": 0.2717624745752287,
  "reverse_complement_flip_rate": 0.284,
  "reverse_complement_positive_prob_drop": -0.010665324099350726,
  "reverse_complement_ece": 0.2042893941431758,
  "reverse_complement_brier": 0.22175180462911062,
  "reverse_complement_mean_abs_delta_ci_low": 0.2592917564037892,
  "reverse_complement_mean_abs_delta_ci_high": 0.2881025527850162,
  "mono_shuffle_mean_abs_delta": 0.36468494728451933,
  "mono_shuffle_flip_rate": 0.368,
  "mono_shuffle_positive_prob_drop": -0.02446375615097851,
  "mono_shuffle_ece": 0.30656346898751863,
  "mono_shuffle_brier": 0.32496913704325747,
  "mono_shuffle_mean_abs_delta_ci_low": 0.3512238513384705,
  "mono_shuffle_mean_abs_delta_ci_high": 0.381037844695121,
  "dinuc_shuffle_mean_abs_delta": 0.2943550898302154,
  "dinuc_shuffle_flip_rate": 0.3015,
  "dinuc_shuffle_positive_prob_drop": 0.05602184453934733,
  "dinuc_shuffle_ece": 0.21573288540991586,
  "dinuc_shuffle_brier": 0.24162076249207431,
  "dinuc_shuffle_mean_abs_delta_ci_low": 0.2789065498579131,
  "dinuc_shuffle_mean_abs_delta_ci_high": 0.31172017881195685
}