{
  "dataset": "human_enhancers_ensembl",
  "split_scheme": "official",
  "model_family": "small_cnn",
  "seed": 23,
  "auroc": 0.85571,
  "accuracy": 0.753,
  "ece": 0.11616354132443667,
  "brier": 0.1712722362583174,
  "auroc_ci_low": 0.8408701306194432,
  "auroc_ci_high": 0.8728614250137275,
  "reverse_complement_mean_abs_delta": 0.08591480553150177,
  "reverse_complement_flip_rate": 0.097,
  "reverse_complement_positive_prob_drop": 0.0026859045028686523,
  "reverse_complement_ece": 0.1160341758467257,
  "reverse_complement_brier": 0.17290237805368197,
  "reverse_complement_mean_abs_delta_ci_low": 0.08211860712617636,
  "reverse_complement_mean_abs_delta_ci_high": 0.08888581767678261,
  "mono_shuffle_mean_abs_delta": 0.2783282399177551,
  "mono_shuffle_flip_rate": 0.3735,
  "mono_shuffle_positive_prob_drop": 0.259718120098114,
  "mono_shuffle_ece": 0.1517036771476269,
  "mono_shuffle_brier": 0.2687161810320364,
  "mono_shuffle_mean_abs_delta_ci_low": 0.268370471149683,
  "mono_shuffle_mean_abs_delta_ci_high": 0.2877297878265381,
  "dinuc_shuffle_mean_abs_delta": 0.18616366386413574,
  "dinuc_shuffle_flip_rate": 0.2415,
  "dinuc_shuffle_positive_prob_drop": 0.09421098232269287,
  "dinuc_shuffle_ece": 0.09883125800639392,
  "dinuc_shuffle_brier": 0.2142165961875619,
  "dinuc_shuffle_mean_abs_delta_ci_low": 0.17771152034401894,
  "dinuc_shuffle_mean_abs_delta_ci_high": 0.1929434012621641
}