{
  "dataset": "human_enhancers_cohn",
  "split_scheme": "official",
  "model_family": "small_cnn_rc_aug",
  "seed": 37,
  "auroc": 0.7586919999999999,
  "accuracy": 0.6635,
  "ece": 0.10560037440806629,
  "brier": 0.21131684083378366,
  "auroc_ci_low": 0.7391754500195309,
  "auroc_ci_high": 0.7795347730535253,
  "reverse_complement_mean_abs_delta": 0.03965570777654648,
  "reverse_complement_flip_rate": 0.0565,
  "reverse_complement_positive_prob_drop": 0.0007701516151428223,
  "reverse_complement_ece": 0.10465640796720982,
  "reverse_complement_brier": 0.2116943435424176,
  "reverse_complement_mean_abs_delta_ci_low": 0.038374743238091466,
  "reverse_complement_mean_abs_delta_ci_high": 0.040934127569198606,
  "mono_shuffle_mean_abs_delta": 0.08583994954824448,
  "mono_shuffle_flip_rate": 0.1485,
  "mono_shuffle_positive_prob_drop": 0.004793345928192139,
  "mono_shuffle_ece": 0.11006614083051681,
  "mono_shuffle_brier": 0.22432928359922813,
  "mono_shuffle_mean_abs_delta_ci_low": 0.08282556366175413,
  "mono_shuffle_mean_abs_delta_ci_high": 0.08909013345837594,
  "dinuc_shuffle_mean_abs_delta": 0.08350861072540283,
  "dinuc_shuffle_flip_rate": 0.145,
  "dinuc_shuffle_positive_prob_drop": 0.028384387493133545,
  "dinuc_shuffle_ece": 0.08314301402494312,
  "dinuc_shuffle_brier": 0.21488748620540593,
  "dinuc_shuffle_mean_abs_delta_ci_low": 0.08038237653672695,
  "dinuc_shuffle_mean_abs_delta_ci_high": 0.08666866309940816
}