{
  "dataset": "human_enhancers_ensembl",
  "split_scheme": "official",
  "model_family": "small_cnn",
  "seed": 37,
  "auroc": 0.741835,
  "accuracy": 0.672,
  "ece": 0.04838980114087462,
  "brier": 0.20814355735403187,
  "auroc_ci_low": 0.7219123083459652,
  "auroc_ci_high": 0.765588894757494,
  "reverse_complement_mean_abs_delta": 0.09910081326961517,
  "reverse_complement_flip_rate": 0.172,
  "reverse_complement_positive_prob_drop": -0.003755331039428711,
  "reverse_complement_ece": 0.0416123533844948,
  "reverse_complement_brier": 0.20661194949226888,
  "reverse_complement_mean_abs_delta_ci_low": 0.09542697761207819,
  "reverse_complement_mean_abs_delta_ci_high": 0.10262734964489936,
  "mono_shuffle_mean_abs_delta": 0.11036578565835953,
  "mono_shuffle_flip_rate": 0.1935,
  "mono_shuffle_positive_prob_drop": 0.05424308776855469,
  "mono_shuffle_ece": 0.0899896544665098,
  "mono_shuffle_brier": 0.23959356140419727,
  "mono_shuffle_mean_abs_delta_ci_low": 0.10617870073765516,
  "mono_shuffle_mean_abs_delta_ci_high": 0.11514612585306168,
  "dinuc_shuffle_mean_abs_delta": 0.10069350898265839,
  "dinuc_shuffle_flip_rate": 0.185,
  "dinuc_shuffle_positive_prob_drop": 0.011725664138793945,
  "dinuc_shuffle_ece": 0.05403354317694903,
  "dinuc_shuffle_brier": 0.22829326221417276,
  "dinuc_shuffle_mean_abs_delta_ci_low": 0.09606520477682352,
  "dinuc_shuffle_mean_abs_delta_ci_high": 0.10550918653607369
}