{
  "dataset": "human_ocr_ensembl",
  "split_scheme": "official",
  "model_family": "small_cnn",
  "seed": 37,
  "auroc": 0.631,
  "accuracy": 0.5905,
  "ece": 0.04516212245821954,
  "brier": 0.23929684017970676,
  "auroc_ci_low": 0.6065223398248375,
  "auroc_ci_high": 0.6539138080491346,
  "reverse_complement_mean_abs_delta": 0.021221239119768143,
  "reverse_complement_flip_rate": 0.073,
  "reverse_complement_positive_prob_drop": -0.00026494264602661133,
  "reverse_complement_ece": 0.046273303240537626,
  "reverse_complement_brier": 0.23930397071115328,
  "reverse_complement_mean_abs_delta_ci_low": 0.020425035478547217,
  "reverse_complement_mean_abs_delta_ci_high": 0.022070839069783688,
  "mono_shuffle_mean_abs_delta": 0.06211182475090027,
  "mono_shuffle_flip_rate": 0.2455,
  "mono_shuffle_positive_prob_drop": 0.011431992053985596,
  "mono_shuffle_ece": 0.04754911252856256,
  "mono_shuffle_brier": 0.24950759653169355,
  "mono_shuffle_mean_abs_delta_ci_low": 0.05973562803119421,
  "mono_shuffle_mean_abs_delta_ci_high": 0.06452772971242667,
  "dinuc_shuffle_mean_abs_delta": 0.05863029509782791,
  "dinuc_shuffle_flip_rate": 0.228,
  "dinuc_shuffle_positive_prob_drop": -0.015250146389007568,
  "dinuc_shuffle_ece": 0.0701884248554707,
  "dinuc_shuffle_brier": 0.2494428356278453,
  "dinuc_shuffle_mean_abs_delta_ci_low": 0.05570457559078932,
  "dinuc_shuffle_mean_abs_delta_ci_high": 0.060947464499622586
}