label,mean,std
negative,0.48444532140919205,0.1138310921830335
positive,0.6270535356032635,0.12775513223175936
