label,mean,std
negative,0.3942677029360967,0.07352640851224745
positive,0.4689055843408175,0.09354741385278455
