{
  "dataset": "human_enhancers_cohn",
  "split_scheme": "chromosome_holdout",
  "model_family": "small_cnn",
  "seed": 61,
  "auroc": 0.6715875,
  "accuracy": 0.5995,
  "ece": 0.12679510447382925,
  "brier": 0.24437448191310404,
  "auroc_ci_low": 0.6498117634834641,
  "auroc_ci_high": 0.6922017041255494,
  "reverse_complement_mean_abs_delta": 0.03077097237110138,
  "reverse_complement_flip_rate": 0.0525,
  "reverse_complement_positive_prob_drop": 0.0018625855445861816,
  "reverse_complement_ece": 0.12494613835215568,
  "reverse_complement_brier": 0.24372601310586975,
  "reverse_complement_mean_abs_delta_ci_low": 0.02967128115706146,
  "reverse_complement_mean_abs_delta_ci_high": 0.03166931383311748,
  "mono_shuffle_mean_abs_delta": 0.07548434287309647,
  "mono_shuffle_flip_rate": 0.1575,
  "mono_shuffle_positive_prob_drop": 0.015843451023101807,
  "mono_shuffle_ece": 0.11766140737384559,
  "mono_shuffle_brier": 0.2454408198463903,
  "mono_shuffle_mean_abs_delta_ci_low": 0.0727679157629609,
  "mono_shuffle_mean_abs_delta_ci_high": 0.07794856987893581,
  "dinuc_shuffle_mean_abs_delta": 0.07068526744842529,
  "dinuc_shuffle_flip_rate": 0.1365,
  "dinuc_shuffle_positive_prob_drop": 0.02525317668914795,
  "dinuc_shuffle_ece": 0.10385368329286578,
  "dinuc_shuffle_brier": 0.2448043607338695,
  "dinuc_shuffle_mean_abs_delta_ci_low": 0.06798367723822595,
  "dinuc_shuffle_mean_abs_delta_ci_high": 0.0732648966833949
}