{
  "dataset": "human_enhancers_cohn",
  "split_scheme": "chromosome_holdout",
  "model_family": "small_cnn",
  "seed": 23,
  "auroc": 0.6729779999999999,
  "accuracy": 0.6095,
  "ece": 0.06544743484258651,
  "brier": 0.23092007832460767,
  "auroc_ci_low": 0.6515920664282513,
  "auroc_ci_high": 0.6918381267005183,
  "reverse_complement_mean_abs_delta": 0.031253356486558914,
  "reverse_complement_flip_rate": 0.0655,
  "reverse_complement_positive_prob_drop": -5.894899368286133e-05,
  "reverse_complement_ece": 0.06352654335275293,
  "reverse_complement_brier": 0.23004530768455708,
  "reverse_complement_mean_abs_delta_ci_low": 0.03002729406580329,
  "reverse_complement_mean_abs_delta_ci_high": 0.0323659117333591,
  "mono_shuffle_mean_abs_delta": 0.08053790777921677,
  "mono_shuffle_flip_rate": 0.1615,
  "mono_shuffle_positive_prob_drop": 0.00398409366607666,
  "mono_shuffle_ece": 0.08281106521189212,
  "mono_shuffle_brier": 0.23766287703718536,
  "mono_shuffle_mean_abs_delta_ci_low": 0.07708222195506095,
  "mono_shuffle_mean_abs_delta_ci_high": 0.08353618271648884,
  "dinuc_shuffle_mean_abs_delta": 0.07525039464235306,
  "dinuc_shuffle_flip_rate": 0.15,
  "dinuc_shuffle_positive_prob_drop": 0.0017747879028320312,
  "dinuc_shuffle_ece": 0.06621193917095662,
  "dinuc_shuffle_brier": 0.23414224902347403,
  "dinuc_shuffle_mean_abs_delta_ci_low": 0.07247936055064201,
  "dinuc_shuffle_mean_abs_delta_ci_high": 0.07844524644315243
}