{
  "dataset": "human_enhancers_cohn",
  "split_scheme": "chromosome_holdout",
  "model_family": "small_cnn",
  "seed": 37,
  "auroc": 0.668983,
  "accuracy": 0.608,
  "ece": 0.0800922524034977,
  "brier": 0.23396388528504242,
  "auroc_ci_low": 0.646207686190993,
  "auroc_ci_high": 0.6897750744770582,
  "reverse_complement_mean_abs_delta": 0.03685639053583145,
  "reverse_complement_flip_rate": 0.073,
  "reverse_complement_positive_prob_drop": 0.0027542710304260254,
  "reverse_complement_ece": 0.07473587719351053,
  "reverse_complement_brier": 0.23512754346762016,
  "reverse_complement_mean_abs_delta_ci_low": 0.03557665077969432,
  "reverse_complement_mean_abs_delta_ci_high": 0.03826139643788338,
  "mono_shuffle_mean_abs_delta": 0.08429890125989914,
  "mono_shuffle_flip_rate": 0.16,
  "mono_shuffle_positive_prob_drop": -0.005716145038604736,
  "mono_shuffle_ece": 0.0959179904535413,
  "mono_shuffle_brier": 0.24333958870839736,
  "mono_shuffle_mean_abs_delta_ci_low": 0.08163036704063416,
  "mono_shuffle_mean_abs_delta_ci_high": 0.08758840002119542,
  "dinuc_shuffle_mean_abs_delta": 0.08150531351566315,
  "dinuc_shuffle_flip_rate": 0.159,
  "dinuc_shuffle_positive_prob_drop": 0.02544724941253662,
  "dinuc_shuffle_ece": 0.08171896363794803,
  "dinuc_shuffle_brier": 0.2350413430486411,
  "dinuc_shuffle_mean_abs_delta_ci_low": 0.07867001965641976,
  "dinuc_shuffle_mean_abs_delta_ci_high": 0.08420976977795362
}