{
  "dataset": "human_nontata_promoters",
  "split_scheme": "chromosome_holdout",
  "model_family": "small_cnn",
  "seed": 23,
  "auroc": 0.8737929999999999,
  "accuracy": 0.8255,
  "ece": 0.05096774972975254,
  "brier": 0.1362856747693809,
  "auroc_ci_low": 0.8568507131472629,
  "auroc_ci_high": 0.8876796371248763,
  "reverse_complement_mean_abs_delta": 0.04242231696844101,
  "reverse_complement_flip_rate": 0.05,
  "reverse_complement_positive_prob_drop": 0.011207878589630127,
  "reverse_complement_ece": 0.058508292585611334,
  "reverse_complement_brier": 0.14470804762651834,
  "reverse_complement_mean_abs_delta_ci_low": 0.04034044723957777,
  "reverse_complement_mean_abs_delta_ci_high": 0.04498210093006492,
  "mono_shuffle_mean_abs_delta": 0.09515362232923508,
  "mono_shuffle_flip_rate": 0.117,
  "mono_shuffle_positive_prob_drop": 0.00573575496673584,
  "mono_shuffle_ece": 0.020876105919480317,
  "mono_shuffle_brier": 0.1568925576804209,
  "mono_shuffle_mean_abs_delta_ci_low": 0.09010528549551963,
  "mono_shuffle_mean_abs_delta_ci_high": 0.1000146059319377,
  "dinuc_shuffle_mean_abs_delta": 0.06440851092338562,
  "dinuc_shuffle_flip_rate": 0.0665,
  "dinuc_shuffle_positive_prob_drop": 0.039215087890625,
  "dinuc_shuffle_ece": 0.042498663932085026,
  "dinuc_shuffle_brier": 0.14779544714313927,
  "dinuc_shuffle_mean_abs_delta_ci_low": 0.06019373470917344,
  "dinuc_shuffle_mean_abs_delta_ci_high": 0.06784649286419153
}