{
  "dataset": "human_enhancers_cohn",
  "split_scheme": "chromosome_holdout",
  "model_family": "small_cnn_rc_aug",
  "seed": 23,
  "auroc": 0.693447,
  "accuracy": 0.6305,
  "ece": 0.08500344640016554,
  "brier": 0.22973355972785406,
  "auroc_ci_low": 0.6723804390862094,
  "auroc_ci_high": 0.7132511510154799,
  "reverse_complement_mean_abs_delta": 0.02942085452377796,
  "reverse_complement_flip_rate": 0.055,
  "reverse_complement_positive_prob_drop": -0.0010909438133239746,
  "reverse_complement_ece": 0.08571699671447278,
  "reverse_complement_brier": 0.22928131365748744,
  "reverse_complement_mean_abs_delta_ci_low": 0.028313566651195287,
  "reverse_complement_mean_abs_delta_ci_high": 0.03046181141398847,
  "mono_shuffle_mean_abs_delta": 0.08191226422786713,
  "mono_shuffle_flip_rate": 0.152,
  "mono_shuffle_positive_prob_drop": 0.007984817028045654,
  "mono_shuffle_ece": 0.09599998964369298,
  "mono_shuffle_brier": 0.24353600294834649,
  "mono_shuffle_mean_abs_delta_ci_low": 0.07864211965352297,
  "mono_shuffle_mean_abs_delta_ci_high": 0.08491470571607351,
  "dinuc_shuffle_mean_abs_delta": 0.07327046245336533,
  "dinuc_shuffle_flip_rate": 0.1445,
  "dinuc_shuffle_positive_prob_drop": 0.006347954273223877,
  "dinuc_shuffle_ece": 0.09467077995091676,
  "dinuc_shuffle_brier": 0.23506478787921634,
  "dinuc_shuffle_mean_abs_delta_ci_low": 0.07040961757302285,
  "dinuc_shuffle_mean_abs_delta_ci_high": 0.07582573797553778
}