{
  "dataset": "human_nontata_promoters",
  "split_scheme": "chromosome_holdout",
  "model_family": "small_cnn",
  "seed": 49,
  "auroc": 0.87711,
  "accuracy": 0.8205,
  "ece": 0.05671832353621722,
  "brier": 0.13665166914675672,
  "auroc_ci_low": 0.8606686974449317,
  "auroc_ci_high": 0.8916039293404191,
  "reverse_complement_mean_abs_delta": 0.041017379611730576,
  "reverse_complement_flip_rate": 0.033,
  "reverse_complement_positive_prob_drop": 0.009607017040252686,
  "reverse_complement_ece": 0.04418497954308987,
  "reverse_complement_brier": 0.1416664394520937,
  "reverse_complement_mean_abs_delta_ci_low": 0.038631928712129594,
  "reverse_complement_mean_abs_delta_ci_high": 0.04317508954554796,
  "mono_shuffle_mean_abs_delta": 0.1249358132481575,
  "mono_shuffle_flip_rate": 0.1495,
  "mono_shuffle_positive_prob_drop": -0.02230226993560791,
  "mono_shuffle_ece": 0.03655441923439502,
  "mono_shuffle_brier": 0.1651923706551796,
  "mono_shuffle_mean_abs_delta_ci_low": 0.11809007953852416,
  "mono_shuffle_mean_abs_delta_ci_high": 0.1317026738077402,
  "dinuc_shuffle_mean_abs_delta": 0.06651600450277328,
  "dinuc_shuffle_flip_rate": 0.06,
  "dinuc_shuffle_positive_prob_drop": 0.046978890895843506,
  "dinuc_shuffle_ece": 0.05944024175405502,
  "dinuc_shuffle_brier": 0.14816961382021102,
  "dinuc_shuffle_mean_abs_delta_ci_low": 0.06215703403577209,
  "dinuc_shuffle_mean_abs_delta_ci_high": 0.07062020897865295
}