{
  "dataset": "human_nontata_promoters",
  "split_scheme": "chromosome_holdout",
  "model_family": "small_cnn_rc_aug",
  "seed": 61,
  "auroc": 0.867909,
  "accuracy": 0.7965,
  "ece": 0.06569615868479013,
  "brier": 0.14749719650536267,
  "auroc_ci_low": 0.8514784276624807,
  "auroc_ci_high": 0.8839655830361337,
  "reverse_complement_mean_abs_delta": 0.03991999477148056,
  "reverse_complement_flip_rate": 0.0435,
  "reverse_complement_positive_prob_drop": 0.0015189647674560547,
  "reverse_complement_ece": 0.07374288361519576,
  "reverse_complement_brier": 0.14765253442533824,
  "reverse_complement_mean_abs_delta_ci_low": 0.03785144286230206,
  "reverse_complement_mean_abs_delta_ci_high": 0.042184540256857875,
  "mono_shuffle_mean_abs_delta": 0.13090696930885315,
  "mono_shuffle_flip_rate": 0.154,
  "mono_shuffle_positive_prob_drop": -2.7179718017578125e-05,
  "mono_shuffle_ece": 0.026360995247960085,
  "mono_shuffle_brier": 0.17072705971987504,
  "mono_shuffle_mean_abs_delta_ci_low": 0.12446134630590677,
  "mono_shuffle_mean_abs_delta_ci_high": 0.13845947571098804,
  "dinuc_shuffle_mean_abs_delta": 0.07705271989107132,
  "dinuc_shuffle_flip_rate": 0.07,
  "dinuc_shuffle_positive_prob_drop": 0.05814594030380249,
  "dinuc_shuffle_ece": 0.09567254234105348,
  "dinuc_shuffle_brier": 0.16396749128070506,
  "dinuc_shuffle_mean_abs_delta_ci_low": 0.07201220784336329,
  "dinuc_shuffle_mean_abs_delta_ci_high": 0.08165170028805732
}