{
  "dataset": "human_enhancers_cohn",
  "split_scheme": "chromosome_holdout",
  "model_family": "small_cnn_rc_aug",
  "seed": 11,
  "auroc": 0.678883,
  "accuracy": 0.596,
  "ece": 0.14282305671274662,
  "brier": 0.2472695294193491,
  "auroc_ci_low": 0.6560532599957531,
  "auroc_ci_high": 0.7021807868377917,
  "reverse_complement_mean_abs_delta": 0.019254401326179504,
  "reverse_complement_flip_rate": 0.037,
  "reverse_complement_positive_prob_drop": 0.00022214651107788086,
  "reverse_complement_ece": 0.1423540712296963,
  "reverse_complement_brier": 0.247060183213615,
  "reverse_complement_mean_abs_delta_ci_low": 0.018565838085487486,
  "reverse_complement_mean_abs_delta_ci_high": 0.01989103718660772,
  "mono_shuffle_mean_abs_delta": 0.07836566120386124,
  "mono_shuffle_flip_rate": 0.152,
  "mono_shuffle_positive_prob_drop": 0.020683467388153076,
  "mono_shuffle_ece": 0.13044665519148113,
  "mono_shuffle_brier": 0.25304772605428977,
  "mono_shuffle_mean_abs_delta_ci_low": 0.07466775681823493,
  "mono_shuffle_mean_abs_delta_ci_high": 0.08170813452452422,
  "dinuc_shuffle_mean_abs_delta": 0.06785299628973007,
  "dinuc_shuffle_flip_rate": 0.1235,
  "dinuc_shuffle_positive_prob_drop": 0.011543035507202148,
  "dinuc_shuffle_ece": 0.13286095903813838,
  "dinuc_shuffle_brier": 0.247704767720432,
  "dinuc_shuffle_mean_abs_delta_ci_low": 0.06517796125262976,
  "dinuc_shuffle_mean_abs_delta_ci_high": 0.07061933651566506
}