{
  "dataset": "human_nontata_promoters",
  "split_scheme": "chromosome_holdout",
  "model_family": "small_cnn",
  "seed": 37,
  "auroc": 0.8614120000000001,
  "accuracy": 0.762,
  "ece": 0.12447937303781512,
  "brier": 0.16905922934617096,
  "auroc_ci_low": 0.8461879994008074,
  "auroc_ci_high": 0.8791863101806301,
  "reverse_complement_mean_abs_delta": 0.0329849012196064,
  "reverse_complement_flip_rate": 0.0275,
  "reverse_complement_positive_prob_drop": 0.01572316884994507,
  "reverse_complement_ece": 0.13285192284733055,
  "reverse_complement_brier": 0.17676171918810524,
  "reverse_complement_mean_abs_delta_ci_low": 0.03131850589998066,
  "reverse_complement_mean_abs_delta_ci_high": 0.03473027488216758,
  "mono_shuffle_mean_abs_delta": 0.11173774302005768,
  "mono_shuffle_flip_rate": 0.1245,
  "mono_shuffle_positive_prob_drop": -0.033384859561920166,
  "mono_shuffle_ece": 0.06871647142618895,
  "mono_shuffle_brier": 0.169605876160724,
  "mono_shuffle_mean_abs_delta_ci_low": 0.10575132388621569,
  "mono_shuffle_mean_abs_delta_ci_high": 0.11750426888465881,
  "dinuc_shuffle_mean_abs_delta": 0.05930492281913757,
  "dinuc_shuffle_flip_rate": 0.0655,
  "dinuc_shuffle_positive_prob_drop": 0.04062587022781372,
  "dinuc_shuffle_ece": 0.14688107526302338,
  "dinuc_shuffle_brier": 0.18301417194001546,
  "dinuc_shuffle_mean_abs_delta_ci_low": 0.05602587275207043,
  "dinuc_shuffle_mean_abs_delta_ci_high": 0.0634942077100277
}