{
  "dataset": "human_nontata_promoters",
  "split_scheme": "chromosome_holdout",
  "model_family": "small_cnn",
  "seed": 11,
  "auroc": 0.8716039999999999,
  "accuracy": 0.805,
  "ece": 0.08199384222179652,
  "brier": 0.14111604469363415,
  "auroc_ci_low": 0.8567328925805161,
  "auroc_ci_high": 0.8881553308321198,
  "reverse_complement_mean_abs_delta": 0.06359048932790756,
  "reverse_complement_flip_rate": 0.089,
  "reverse_complement_positive_prob_drop": 0.006729722023010254,
  "reverse_complement_ece": 0.08183121513575317,
  "reverse_complement_brier": 0.14664560830021764,
  "reverse_complement_mean_abs_delta_ci_low": 0.0599541706033051,
  "reverse_complement_mean_abs_delta_ci_high": 0.06656445935368538,
  "mono_shuffle_mean_abs_delta": 0.11686936020851135,
  "mono_shuffle_flip_rate": 0.1895,
  "mono_shuffle_positive_prob_drop": -0.013386189937591553,
  "mono_shuffle_ece": 0.1493305636793375,
  "mono_shuffle_brier": 0.19087349968053574,
  "mono_shuffle_mean_abs_delta_ci_low": 0.11060649808496237,
  "mono_shuffle_mean_abs_delta_ci_high": 0.12259319033473731,
  "dinuc_shuffle_mean_abs_delta": 0.07560406625270844,
  "dinuc_shuffle_flip_rate": 0.103,
  "dinuc_shuffle_positive_prob_drop": 0.032051682472229004,
  "dinuc_shuffle_ece": 0.06081880387663842,
  "dinuc_shuffle_brier": 0.1434111801681392,
  "dinuc_shuffle_mean_abs_delta_ci_low": 0.0716419842094183,
  "dinuc_shuffle_mean_abs_delta_ci_high": 0.0797674048691988
}