{
  "dataset": "human_nontata_promoters",
  "split_scheme": "chromosome_holdout",
  "model_family": "small_cnn_rc_aug",
  "seed": 11,
  "auroc": 0.8696489999999999,
  "accuracy": 0.7935,
  "ece": 0.0841215468943119,
  "brier": 0.1516560856266793,
  "auroc_ci_low": 0.8529526639704941,
  "auroc_ci_high": 0.8854098834936843,
  "reverse_complement_mean_abs_delta": 0.03489728271961212,
  "reverse_complement_flip_rate": 0.0345,
  "reverse_complement_positive_prob_drop": -0.003667891025543213,
  "reverse_complement_ece": 0.0817591563947499,
  "reverse_complement_brier": 0.14908556403022755,
  "reverse_complement_mean_abs_delta_ci_low": 0.032547869347035886,
  "reverse_complement_mean_abs_delta_ci_high": 0.037302839942276476,
  "mono_shuffle_mean_abs_delta": 0.1360543817281723,
  "mono_shuffle_flip_rate": 0.154,
  "mono_shuffle_positive_prob_drop": -0.026162445545196533,
  "mono_shuffle_ece": 0.026277306467294693,
  "mono_shuffle_brier": 0.169097006724012,
  "mono_shuffle_mean_abs_delta_ci_low": 0.1297782901674509,
  "mono_shuffle_mean_abs_delta_ci_high": 0.14170898273587226,
  "dinuc_shuffle_mean_abs_delta": 0.07331622391939163,
  "dinuc_shuffle_flip_rate": 0.0755,
  "dinuc_shuffle_positive_prob_drop": 0.04218554496765137,
  "dinuc_shuffle_ece": 0.1046331542953849,
  "dinuc_shuffle_brier": 0.16242506923315617,
  "dinuc_shuffle_mean_abs_delta_ci_low": 0.06962736118584871,
  "dinuc_shuffle_mean_abs_delta_ci_high": 0.07865857556462288
}