{
  "dataset": "human_enhancers_cohn",
  "split_scheme": "chromosome_holdout",
  "model_family": "small_cnn",
  "seed": 11,
  "auroc": 0.673486,
  "accuracy": 0.607,
  "ece": 0.07878885358572003,
  "brier": 0.2346364079684636,
  "auroc_ci_low": 0.6500190958446005,
  "auroc_ci_high": 0.6987650977994998,
  "reverse_complement_mean_abs_delta": 0.0322568453848362,
  "reverse_complement_flip_rate": 0.062,
  "reverse_complement_positive_prob_drop": 0.002310514450073242,
  "reverse_complement_ece": 0.07664046109467747,
  "reverse_complement_brier": 0.23490339532446206,
  "reverse_complement_mean_abs_delta_ci_low": 0.030742318974807857,
  "reverse_complement_mean_abs_delta_ci_high": 0.03348466204479337,
  "mono_shuffle_mean_abs_delta": 0.08002196997404099,
  "mono_shuffle_flip_rate": 0.161,
  "mono_shuffle_positive_prob_drop": 0.012317657470703125,
  "mono_shuffle_ece": 0.09589627899974586,
  "mono_shuffle_brier": 0.24243739036256914,
  "mono_shuffle_mean_abs_delta_ci_low": 0.07638088390231132,
  "mono_shuffle_mean_abs_delta_ci_high": 0.08292962927371264,
  "dinuc_shuffle_mean_abs_delta": 0.07143101096153259,
  "dinuc_shuffle_flip_rate": 0.149,
  "dinuc_shuffle_positive_prob_drop": 0.0026226043701171875,
  "dinuc_shuffle_ece": 0.08710055823624133,
  "dinuc_shuffle_brier": 0.23691736280420395,
  "dinuc_shuffle_mean_abs_delta_ci_low": 0.06911181919276714,
  "dinuc_shuffle_mean_abs_delta_ci_high": 0.07418375574052334
}