{
  "dataset": "human_nontata_promoters",
  "split_scheme": "chromosome_holdout",
  "model_family": "small_cnn",
  "seed": 61,
  "auroc": 0.878059,
  "accuracy": 0.8185,
  "ece": 0.04477729061245919,
  "brier": 0.1351552286370597,
  "auroc_ci_low": 0.8643036323798196,
  "auroc_ci_high": 0.8937726085688047,
  "reverse_complement_mean_abs_delta": 0.05270034074783325,
  "reverse_complement_flip_rate": 0.0455,
  "reverse_complement_positive_prob_drop": 0.0200347900390625,
  "reverse_complement_ece": 0.05515516786277294,
  "reverse_complement_brier": 0.1442495619710331,
  "reverse_complement_mean_abs_delta_ci_low": 0.050072201155126096,
  "reverse_complement_mean_abs_delta_ci_high": 0.05559683917090297,
  "mono_shuffle_mean_abs_delta": 0.11143764853477478,
  "mono_shuffle_flip_rate": 0.1315,
  "mono_shuffle_positive_prob_drop": 0.0020636320114135742,
  "mono_shuffle_ece": 0.01550327928364277,
  "mono_shuffle_brier": 0.15788715417005642,
  "mono_shuffle_mean_abs_delta_ci_low": 0.10572803411632777,
  "mono_shuffle_mean_abs_delta_ci_high": 0.11721866019070148,
  "dinuc_shuffle_mean_abs_delta": 0.06902485340833664,
  "dinuc_shuffle_flip_rate": 0.0695,
  "dinuc_shuffle_positive_prob_drop": 0.05075806379318237,
  "dinuc_shuffle_ece": 0.055747235745191574,
  "dinuc_shuffle_brier": 0.14735787530813002,
  "dinuc_shuffle_mean_abs_delta_ci_low": 0.064757957495749,
  "dinuc_shuffle_mean_abs_delta_ci_high": 0.07310820706188678
}