{
  "dataset": "human_enhancers_cohn",
  "split_scheme": "chromosome_holdout",
  "model_family": "small_cnn",
  "seed": 49,
  "auroc": 0.6679110000000001,
  "accuracy": 0.597,
  "ece": 0.09846157188713552,
  "brier": 0.23779666699980906,
  "auroc_ci_low": 0.6450137447280037,
  "auroc_ci_high": 0.6882782008145257,
  "reverse_complement_mean_abs_delta": 0.01895063929259777,
  "reverse_complement_flip_rate": 0.034,
  "reverse_complement_positive_prob_drop": 0.00014579296112060547,
  "reverse_complement_ece": 0.09627214112877844,
  "reverse_complement_brier": 0.2375288554809211,
  "reverse_complement_mean_abs_delta_ci_low": 0.018290500715374948,
  "reverse_complement_mean_abs_delta_ci_high": 0.01970790377818048,
  "mono_shuffle_mean_abs_delta": 0.07854557037353516,
  "mono_shuffle_flip_rate": 0.164,
  "mono_shuffle_positive_prob_drop": -0.0023946166038513184,
  "mono_shuffle_ece": 0.10216602467745543,
  "mono_shuffle_brier": 0.24430413494090822,
  "mono_shuffle_mean_abs_delta_ci_low": 0.07599786762148142,
  "mono_shuffle_mean_abs_delta_ci_high": 0.08115733377635478,
  "dinuc_shuffle_mean_abs_delta": 0.07085105031728745,
  "dinuc_shuffle_flip_rate": 0.157,
  "dinuc_shuffle_positive_prob_drop": 0.024763107299804688,
  "dinuc_shuffle_ece": 0.08451941145211458,
  "dinuc_shuffle_brier": 0.23778799936147413,
  "dinuc_shuffle_mean_abs_delta_ci_low": 0.06804638542234898,
  "dinuc_shuffle_mean_abs_delta_ci_high": 0.07310748621821403
}