{
  "dataset": "human_nontata_promoters",
  "split_scheme": "chromosome_holdout",
  "model_family": "small_cnn_rc_aug",
  "seed": 37,
  "auroc": 0.8598330000000001,
  "accuracy": 0.8135,
  "ece": 0.04196612526476383,
  "brier": 0.14074865744957862,
  "auroc_ci_low": 0.843194590649004,
  "auroc_ci_high": 0.8747805322460617,
  "reverse_complement_mean_abs_delta": 0.042306505143642426,
  "reverse_complement_flip_rate": 0.038,
  "reverse_complement_positive_prob_drop": -0.01085883378982544,
  "reverse_complement_ece": 0.03832766006886958,
  "reverse_complement_brier": 0.13963252607881108,
  "reverse_complement_mean_abs_delta_ci_low": 0.03965364005416632,
  "reverse_complement_mean_abs_delta_ci_high": 0.04516059206798673,
  "mono_shuffle_mean_abs_delta": 0.20731717348098755,
  "mono_shuffle_flip_rate": 0.284,
  "mono_shuffle_positive_prob_drop": -0.09555673599243164,
  "mono_shuffle_ece": 0.1322547352984548,
  "mono_shuffle_brier": 0.20105656670475688,
  "mono_shuffle_mean_abs_delta_ci_low": 0.198478277400136,
  "mono_shuffle_mean_abs_delta_ci_high": 0.2166482150554657,
  "dinuc_shuffle_mean_abs_delta": 0.07805333286523819,
  "dinuc_shuffle_flip_rate": 0.072,
  "dinuc_shuffle_positive_prob_drop": 0.029426932334899902,
  "dinuc_shuffle_ece": 0.04409831407666205,
  "dinuc_shuffle_brier": 0.15247285363759305,
  "dinuc_shuffle_mean_abs_delta_ci_low": 0.07368108201771975,
  "dinuc_shuffle_mean_abs_delta_ci_high": 0.08240755312144757
}