{
  "dataset": "human_enhancers_cohn",
  "split_scheme": "chromosome_holdout",
  "model_family": "small_cnn_rc_aug",
  "seed": 61,
  "auroc": 0.686755,
  "accuracy": 0.6195,
  "ece": 0.07516656229645015,
  "brier": 0.2298465938165333,
  "auroc_ci_low": 0.6667261445925005,
  "auroc_ci_high": 0.7078886193420598,
  "reverse_complement_mean_abs_delta": 0.032417647540569305,
  "reverse_complement_flip_rate": 0.0715,
  "reverse_complement_positive_prob_drop": -0.0007480382919311523,
  "reverse_complement_ece": 0.0748402709066868,
  "reverse_complement_brier": 0.22889583150810996,
  "reverse_complement_mean_abs_delta_ci_low": 0.031215254543349148,
  "reverse_complement_mean_abs_delta_ci_high": 0.03365018274635077,
  "mono_shuffle_mean_abs_delta": 0.07274100184440613,
  "mono_shuffle_flip_rate": 0.1505,
  "mono_shuffle_positive_prob_drop": 0.019923031330108643,
  "mono_shuffle_ece": 0.07589450867474079,
  "mono_shuffle_brier": 0.23758143830197254,
  "mono_shuffle_mean_abs_delta_ci_low": 0.07032461874186993,
  "mono_shuffle_mean_abs_delta_ci_high": 0.07489186897873878,
  "dinuc_shuffle_mean_abs_delta": 0.06622705608606339,
  "dinuc_shuffle_flip_rate": 0.123,
  "dinuc_shuffle_positive_prob_drop": 0.012155234813690186,
  "dinuc_shuffle_ece": 0.07811167170107364,
  "dinuc_shuffle_brier": 0.23629256579488486,
  "dinuc_shuffle_mean_abs_delta_ci_low": 0.06382232140749693,
  "dinuc_shuffle_mean_abs_delta_ci_high": 0.06846870705485344
}