{
  "dataset": "human_nontata_promoters",
  "split_scheme": "chromosome_holdout",
  "model_family": "small_cnn_rc_aug",
  "seed": 23,
  "auroc": 0.8730759999999999,
  "accuracy": 0.829,
  "ece": 0.04047614298015832,
  "brier": 0.13072556613363462,
  "auroc_ci_low": 0.8562024475255356,
  "auroc_ci_high": 0.8875541647417214,
  "reverse_complement_mean_abs_delta": 0.03220421448349953,
  "reverse_complement_flip_rate": 0.0375,
  "reverse_complement_positive_prob_drop": 0.004067659378051758,
  "reverse_complement_ece": 0.03909343783557417,
  "reverse_complement_brier": 0.1350310379919522,
  "reverse_complement_mean_abs_delta_ci_low": 0.030510440515354276,
  "reverse_complement_mean_abs_delta_ci_high": 0.034307594783604144,
  "mono_shuffle_mean_abs_delta": 0.1753835380077362,
  "mono_shuffle_flip_rate": 0.263,
  "mono_shuffle_positive_prob_drop": -0.03930068016052246,
  "mono_shuffle_ece": 0.15306858499348164,
  "mono_shuffle_brier": 0.20407394977570803,
  "mono_shuffle_mean_abs_delta_ci_low": 0.1667565420269966,
  "mono_shuffle_mean_abs_delta_ci_high": 0.18374931141734124,
  "dinuc_shuffle_mean_abs_delta": 0.08182061463594437,
  "dinuc_shuffle_flip_rate": 0.0925,
  "dinuc_shuffle_positive_prob_drop": 0.040173232555389404,
  "dinuc_shuffle_ece": 0.020173360779881466,
  "dinuc_shuffle_brier": 0.14190801524709185,
  "dinuc_shuffle_mean_abs_delta_ci_low": 0.0764627231284976,
  "dinuc_shuffle_mean_abs_delta_ci_high": 0.08611930757761002
}