{
  "dataset": "human_enhancers_cohn",
  "split_scheme": "chromosome_holdout",
  "model_family": "small_cnn_rc_aug",
  "seed": 49,
  "auroc": 0.678454,
  "accuracy": 0.6205,
  "ece": 0.056948396272957336,
  "brier": 0.22834597008018448,
  "auroc_ci_low": 0.654553849949179,
  "auroc_ci_high": 0.6996896887325226,
  "reverse_complement_mean_abs_delta": 0.021644005551934242,
  "reverse_complement_flip_rate": 0.0455,
  "reverse_complement_positive_prob_drop": 0.0008384585380554199,
  "reverse_complement_ece": 0.05826844627410172,
  "reverse_complement_brier": 0.2296026031940198,
  "reverse_complement_mean_abs_delta_ci_low": 0.020910300640389325,
  "reverse_complement_mean_abs_delta_ci_high": 0.022439840016886592,
  "mono_shuffle_mean_abs_delta": 0.08607660979032516,
  "mono_shuffle_flip_rate": 0.155,
  "mono_shuffle_positive_prob_drop": -0.01140981912612915,
  "mono_shuffle_ece": 0.08316573675721883,
  "mono_shuffle_brier": 0.23932781755411975,
  "mono_shuffle_mean_abs_delta_ci_low": 0.08297944013029337,
  "mono_shuffle_mean_abs_delta_ci_high": 0.08887850102037191,
  "dinuc_shuffle_mean_abs_delta": 0.0758863240480423,
  "dinuc_shuffle_flip_rate": 0.139,
  "dinuc_shuffle_positive_prob_drop": 0.012782692909240723,
  "dinuc_shuffle_ece": 0.07650813592970372,
  "dinuc_shuffle_brier": 0.23516375537739737,
  "dinuc_shuffle_mean_abs_delta_ci_low": 0.0727091010659933,
  "dinuc_shuffle_mean_abs_delta_ci_high": 0.0788386793807149
}