{
  "dataset": "human_nontata_promoters",
  "split_scheme": "chromosome_holdout",
  "model_family": "small_cnn_rc_aug",
  "seed": 49,
  "auroc": 0.8615650000000001,
  "accuracy": 0.759,
  "ece": 0.1343014793843031,
  "brier": 0.171161058940438,
  "auroc_ci_low": 0.8449287051349876,
  "auroc_ci_high": 0.8781496905807377,
  "reverse_complement_mean_abs_delta": 0.026302844285964966,
  "reverse_complement_flip_rate": 0.0215,
  "reverse_complement_positive_prob_drop": 0.0011067390441894531,
  "reverse_complement_ece": 0.13610444417595863,
  "reverse_complement_brier": 0.1710953313899023,
  "reverse_complement_mean_abs_delta_ci_low": 0.024613077007234096,
  "reverse_complement_mean_abs_delta_ci_high": 0.027733427891507744,
  "mono_shuffle_mean_abs_delta": 0.1340615451335907,
  "mono_shuffle_flip_rate": 0.141,
  "mono_shuffle_positive_prob_drop": -0.0153733491897583,
  "mono_shuffle_ece": 0.08864847683534026,
  "mono_shuffle_brier": 0.17770732208703607,
  "mono_shuffle_mean_abs_delta_ci_low": 0.125852245464921,
  "mono_shuffle_mean_abs_delta_ci_high": 0.14108145348727702,
  "dinuc_shuffle_mean_abs_delta": 0.07373460382223129,
  "dinuc_shuffle_flip_rate": 0.0815,
  "dinuc_shuffle_positive_prob_drop": 0.0616145133972168,
  "dinuc_shuffle_ece": 0.16887000068277122,
  "dinuc_shuffle_brier": 0.19207037835555132,
  "dinuc_shuffle_mean_abs_delta_ci_low": 0.06833699457347393,
  "dinuc_shuffle_mean_abs_delta_ci_high": 0.07894125916063786
}