{
  "dataset": "human_enhancers_cohn",
  "split_scheme": "chromosome_holdout",
  "model_family": "small_cnn_rc_aug",
  "seed": 37,
  "auroc": 0.684855,
  "accuracy": 0.6155,
  "ece": 0.08921762590110302,
  "brier": 0.23303494551927884,
  "auroc_ci_low": 0.6658994572497277,
  "auroc_ci_high": 0.7039458057556816,
  "reverse_complement_mean_abs_delta": 0.02817229926586151,
  "reverse_complement_flip_rate": 0.059,
  "reverse_complement_positive_prob_drop": 0.0011140108108520508,
  "reverse_complement_ece": 0.08934294688701629,
  "reverse_complement_brier": 0.23305199994806367,
  "reverse_complement_mean_abs_delta_ci_low": 0.0271522528026253,
  "reverse_complement_mean_abs_delta_ci_high": 0.029391351062804463,
  "mono_shuffle_mean_abs_delta": 0.0908048003911972,
  "mono_shuffle_flip_rate": 0.164,
  "mono_shuffle_positive_prob_drop": -0.04070085287094116,
  "mono_shuffle_ece": 0.13804040629416703,
  "mono_shuffle_brier": 0.2547044252438474,
  "mono_shuffle_mean_abs_delta_ci_low": 0.08812197744846344,
  "mono_shuffle_mean_abs_delta_ci_high": 0.09374077841639519,
  "dinuc_shuffle_mean_abs_delta": 0.07703865319490433,
  "dinuc_shuffle_flip_rate": 0.152,
  "dinuc_shuffle_positive_prob_drop": 0.01345682144165039,
  "dinuc_shuffle_ece": 0.0953271381035447,
  "dinuc_shuffle_brier": 0.24049550312305726,
  "dinuc_shuffle_mean_abs_delta_ci_low": 0.07384153585880995,
  "dinuc_shuffle_mean_abs_delta_ci_high": 0.07965519968420268
}